fleet_manager_id,manager_key,manager_name,manager_email,driver_id,driver_name,driver_email,vehicle_id,driver_sequence
MGR001,MGRKEY001754,Manager_01,manager01@fleetev.in,DR0001,Driver_001,driver001@fleetev.in,VH00001,1
MGR001,MGRKEY001754,Manager_01,manager01@fleetev.in,DR0002,Driver_002,driver002@fleetev.in,VH00002,2
MGR001,MGRKEY001754,Manager_01,manager01@fleetev.in,DR0003,Driver_003,driver003@fleetev.in,VH00003,3
MGR001,MGRKEY001754,Manager_01,manager01@fleetev.in,DR0004,Driver_004,driver004@fleetev.in,VH00004,4
MGR001,MGRKEY001754,Manager_01,manager01@fleetev.in,DR0005,Driver_005,driver005@fleetev.in,VH00005,5
MGR001,MGRKEY001754,Manager_01,manager01@fleetev.in,DR0006,Driver_006,driver006@fleetev.in,VH00006,6
MGR001,MGRKEY001754,Manager_01,manager01@fleetev.in,DR0007,Driver_007,driver007@fleetev.in,VH00007,7
MGR001,MGRKEY001754,Manager_01,manager01@fleetev.in,DR0008,Driver_008,driver008@fleetev.in,VH00008,8
MGR001,MGRKEY001754,Manager_01,manager01@fleetev.in,DR0009,Driver_009,driver009@fleetev.in,VH00009,9
MGR001,MGRKEY001754,Manager_01,manager01@fleetev.in,DR0010,Driver_010,driver010@fleetev.in,VH00010,10
MGR001,MGRKEY001754,Manager_01,manager01@fleetev.in,DR0011,Driver_011,driver011@fleetev.in,VH00011,11
MGR001,MGRKEY001754,Manager_01,manager01@fleetev.in,DR0012,Driver_012,driver012@fleetev.in,VH00012,12
MGR001,MGRKEY001754,Manager_01,manager01@fleetev.in,DR0013,Driver_013,driver013@fleetev.in,VH00013,13
MGR001,MGRKEY001754,Manager_01,manager01@fleetev.in,DR0014,Driver_014,driver014@fleetev.in,VH00014,14
MGR001,MGRKEY001754,Manager_01,manager01@fleetev.in,DR0015,Driver_015,driver015@fleetev.in,VH00015,15
MGR001,MGRKEY001754,Manager_01,manager01@fleetev.in,DR0016,Driver_016,driver016@fleetev.in,VH00016,16
MGR001,MGRKEY001754,Manager_01,manager01@fleetev.in,DR0017,Driver_017,driver017@fleetev.in,VH00017,17
MGR001,MGRKEY001754,Manager_01,manager01@fleetev.in,DR0018,Driver_018,driver018@fleetev.in,VH00018,18
MGR001,MGRKEY001754,Manager_01,manager01@fleetev.in,DR0019,Driver_019,driver019@fleetev.in,VH00019,19
MGR001,MGRKEY001754,Manager_01,manager01@fleetev.in,DR0020,Driver_020,driver020@fleetev.in,VH00020,20
MGR002,MGRKEY002859,Manager_02,manager02@fleetev.in,DR0021,Driver_021,driver021@fleetev.in,VH00021,1
MGR002,MGRKEY002859,Manager_02,manager02@fleetev.in,DR0022,Driver_022,driver022@fleetev.in,VH00022,2
MGR002,MGRKEY002859,Manager_02,manager02@fleetev.in,DR0023,Driver_023,driver023@fleetev.in,VH00023,3
MGR002,MGRKEY002859,Manager_02,manager02@fleetev.in,DR0024,Driver_024,driver024@fleetev.in,VH00024,4
MGR002,MGRKEY002859,Manager_02,manager02@fleetev.in,DR0025,Driver_025,driver025@fleetev.in,VH00025,5
MGR002,MGRKEY002859,Manager_02,manager02@fleetev.in,DR0026,Driver_026,driver026@fleetev.in,VH00026,6
MGR002,MGRKEY002859,Manager_02,manager02@fleetev.in,DR0027,Driver_027,driver027@fleetev.in,VH00027,7
MGR002,MGRKEY002859,Manager_02,manager02@fleetev.in,DR0028,Driver_028,driver028@fleetev.in,VH00028,8
MGR002,MGRKEY002859,Manager_02,manager02@fleetev.in,DR0029,Driver_029,driver029@fleetev.in,VH00029,9
MGR002,MGRKEY002859,Manager_02,manager02@fleetev.in,DR0030,Driver_030,driver030@fleetev.in,VH00030,10
MGR002,MGRKEY002859,Manager_02,manager02@fleetev.in,DR0031,Driver_031,driver031@fleetev.in,VH00031,11
MGR002,MGRKEY002859,Manager_02,manager02@fleetev.in,DR0032,Driver_032,driver032@fleetev.in,VH00032,12
MGR002,MGRKEY002859,Manager_02,manager02@fleetev.in,DR0033,Driver_033,driver033@fleetev.in,VH00033,13
MGR002,MGRKEY002859,Manager_02,manager02@fleetev.in,DR0034,Driver_034,driver034@fleetev.in,VH00034,14
MGR002,MGRKEY002859,Manager_02,manager02@fleetev.in,DR0035,Driver_035,driver035@fleetev.in,VH00035,15
MGR002,MGRKEY002859,Manager_02,manager02@fleetev.in,DR0036,Driver_036,driver036@fleetev.in,VH00036,16
MGR002,MGRKEY002859,Manager_02,manager02@fleetev.in,DR0037,Driver_037,driver037@fleetev.in,VH00037,17
MGR002,MGRKEY002859,Manager_02,manager02@fleetev.in,DR0038,Driver_038,driver038@fleetev.in,VH00038,18
MGR002,MGRKEY002859,Manager_02,manager02@fleetev.in,DR0039,Driver_039,driver039@fleetev.in,VH00039,19
MGR002,MGRKEY002859,Manager_02,manager02@fleetev.in,DR0040,Driver_040,driver040@fleetev.in,VH00040,20
MGR003,MGRKEY003328,Manager_03,manager03@fleetev.in,DR0041,Driver_041,driver041@fleetev.in,VH00041,1
MGR003,MGRKEY003328,Manager_03,manager03@fleetev.in,DR0042,Driver_042,driver042@fleetev.in,VH00042,2
MGR003,MGRKEY003328,Manager_03,manager03@fleetev.in,DR0043,Driver_043,driver043@fleetev.in,VH00043,3
MGR003,MGRKEY003328,Manager_03,manager03@fleetev.in,DR0044,Driver_044,driver044@fleetev.in,VH00044,4
MGR003,MGRKEY003328,Manager_03,manager03@fleetev.in,DR0045,Driver_045,driver045@fleetev.in,VH00045,5
MGR003,MGRKEY003328,Manager_03,manager03@fleetev.in,DR0046,Driver_046,driver046@fleetev.in,VH00046,6
MGR003,MGRKEY003328,Manager_03,manager03@fleetev.in,DR0047,Driver_047,driver047@fleetev.in,VH00047,7
MGR003,MGRKEY003328,Manager_03,manager03@fleetev.in,DR0048,Driver_048,driver048@fleetev.in,VH00048,8
MGR003,MGRKEY003328,Manager_03,manager03@fleetev.in,DR0049,Driver_049,driver049@fleetev.in,VH00049,9
MGR003,MGRKEY003328,Manager_03,manager03@fleetev.in,DR0050,Driver_050,driver050@fleetev.in,VH00050,10
MGR003,MGRKEY003328,Manager_03,manager03@fleetev.in,DR0051,Driver_051,driver051@fleetev.in,VH00051,11
MGR003,MGRKEY003328,Manager_03,manager03@fleetev.in,DR0052,Driver_052,driver052@fleetev.in,VH00052,12
MGR003,MGRKEY003328,Manager_03,manager03@fleetev.in,DR0053,Driver_053,driver053@fleetev.in,VH00053,13
MGR003,MGRKEY003328,Manager_03,manager03@fleetev.in,DR0054,Driver_054,driver054@fleetev.in,VH00054,14
MGR003,MGRKEY003328,Manager_03,manager03@fleetev.in,DR0055,Driver_055,driver055@fleetev.in,VH00055,15
MGR003,MGRKEY003328,Manager_03,manager03@fleetev.in,DR0056,Driver_056,driver056@fleetev.in,VH00056,16
MGR003,MGRKEY003328,Manager_03,manager03@fleetev.in,DR0057,Driver_057,driver057@fleetev.in,VH00057,17
MGR003,MGRKEY003328,Manager_03,manager03@fleetev.in,DR0058,Driver_058,driver058@fleetev.in,VH00058,18
MGR003,MGRKEY003328,Manager_03,manager03@fleetev.in,DR0059,Driver_059,driver059@fleetev.in,VH00059,19
MGR003,MGRKEY003328,Manager_03,manager03@fleetev.in,DR0060,Driver_060,driver060@fleetev.in,VH00060,20
MGR004,MGRKEY004792,Manager_04,manager04@fleetev.in,DR0061,Driver_061,driver061@fleetev.in,VH00061,1
MGR004,MGRKEY004792,Manager_04,manager04@fleetev.in,DR0062,Driver_062,driver062@fleetev.in,VH00062,2
MGR004,MGRKEY004792,Manager_04,manager04@fleetev.in,DR0063,Driver_063,driver063@fleetev.in,VH00063,3
MGR004,MGRKEY004792,Manager_04,manager04@fleetev.in,DR0064,Driver_064,driver064@fleetev.in,VH00064,4
MGR004,MGRKEY004792,Manager_04,manager04@fleetev.in,DR0065,Driver_065,driver065@fleetev.in,VH00065,5
MGR004,MGRKEY004792,Manager_04,manager04@fleetev.in,DR0066,Driver_066,driver066@fleetev.in,VH00066,6
MGR004,MGRKEY004792,Manager_04,manager04@fleetev.in,DR0067,Driver_067,driver067@fleetev.in,VH00067,7
MGR004,MGRKEY004792,Manager_04,manager04@fleetev.in,DR0068,Driver_068,driver068@fleetev.in,VH00068,8
MGR004,MGRKEY004792,Manager_04,manager04@fleetev.in,DR0069,Driver_069,driver069@fleetev.in,VH00069,9
MGR004,MGRKEY004792,Manager_04,manager04@fleetev.in,DR0070,Driver_070,driver070@fleetev.in,VH00070,10
MGR004,MGRKEY004792,Manager_04,manager04@fleetev.in,DR0071,Driver_071,driver071@fleetev.in,VH00071,11
MGR004,MGRKEY004792,Manager_04,manager04@fleetev.in,DR0072,Driver_072,driver072@fleetev.in,VH00072,12
MGR004,MGRKEY004792,Manager_04,manager04@fleetev.in,DR0073,Driver_073,driver073@fleetev.in,VH00073,13
MGR004,MGRKEY004792,Manager_04,manager04@fleetev.in,DR0074,Driver_074,driver074@fleetev.in,VH00074,14
MGR004,MGRKEY004792,Manager_04,manager04@fleetev.in,DR0075,Driver_075,driver075@fleetev.in,VH00075,15
MGR004,MGRKEY004792,Manager_04,manager04@fleetev.in,DR0076,Driver_076,driver076@fleetev.in,VH00076,16
MGR004,MGRKEY004792,Manager_04,manager04@fleetev.in,DR0077,Driver_077,driver077@fleetev.in,VH00077,17
MGR004,MGRKEY004792,Manager_04,manager04@fleetev.in,DR0078,Driver_078,driver078@fleetev.in,VH00078,18
MGR004,MGRKEY004792,Manager_04,manager04@fleetev.in,DR0079,Driver_079,driver079@fleetev.in,VH00079,19
MGR004,MGRKEY004792,Manager_04,manager04@fleetev.in,DR0080,Driver_080,driver080@fleetev.in,VH00080,20
MGR005,MGRKEY005189,Manager_05,manager05@fleetev.in,DR0081,Driver_081,driver081@fleetev.in,VH00081,1
MGR005,MGRKEY005189,Manager_05,manager05@fleetev.in,DR0082,Driver_082,driver082@fleetev.in,VH00082,2
MGR005,MGRKEY005189,Manager_05,manager05@fleetev.in,DR0083,Driver_083,driver083@fleetev.in,VH00083,3
MGR005,MGRKEY005189,Manager_05,manager05@fleetev.in,DR0084,Driver_084,driver084@fleetev.in,VH00084,4
MGR005,MGRKEY005189,Manager_05,manager05@fleetev.in,DR0085,Driver_085,driver085@fleetev.in,VH00085,5
MGR005,MGRKEY005189,Manager_05,manager05@fleetev.in,DR0086,Driver_086,driver086@fleetev.in,VH00086,6
MGR005,MGRKEY005189,Manager_05,manager05@fleetev.in,DR0087,Driver_087,driver087@fleetev.in,VH00087,7
MGR005,MGRKEY005189,Manager_05,manager05@fleetev.in,DR0088,Driver_088,driver088@fleetev.in,VH00088,8
MGR005,MGRKEY005189,Manager_05,manager05@fleetev.in,DR0089,Driver_089,driver089@fleetev.in,VH00089,9
MGR005,MGRKEY005189,Manager_05,manager05@fleetev.in,DR0090,Driver_090,driver090@fleetev.in,VH00090,10
MGR005,MGRKEY005189,Manager_05,manager05@fleetev.in,DR0091,Driver_091,driver091@fleetev.in,VH00091,11
MGR005,MGRKEY005189,Manager_05,manager05@fleetev.in,DR0092,Driver_092,driver092@fleetev.in,VH00092,12
MGR005,MGRKEY005189,Manager_05,manager05@fleetev.in,DR0093,Driver_093,driver093@fleetev.in,VH00093,13
MGR005,MGRKEY005189,Manager_05,manager05@fleetev.in,DR0094,Driver_094,driver094@fleetev.in,VH00094,14
MGR005,MGRKEY005189,Manager_05,manager05@fleetev.in,DR0095,Driver_095,driver095@fleetev.in,VH00095,15
MGR005,MGRKEY005189,Manager_05,manager05@fleetev.in,DR0096,Driver_096,driver096@fleetev.in,VH00096,16
MGR005,MGRKEY005189,Manager_05,manager05@fleetev.in,DR0097,Driver_097,driver097@fleetev.in,VH00097,17
MGR005,MGRKEY005189,Manager_05,manager05@fleetev.in,DR0098,Driver_098,driver098@fleetev.in,VH00098,18
MGR005,MGRKEY005189,Manager_05,manager05@fleetev.in,DR0099,Driver_099,driver099@fleetev.in,VH00099,19
MGR005,MGRKEY005189,Manager_05,manager05@fleetev.in,DR0100,Driver_100,driver100@fleetev.in,VH00100,20
MGR006,MGRKEY006132,Manager_06,manager06@fleetev.in,DR0101,Driver_101,driver101@fleetev.in,VH00101,1
MGR006,MGRKEY006132,Manager_06,manager06@fleetev.in,DR0102,Driver_102,driver102@fleetev.in,VH00102,2
MGR006,MGRKEY006132,Manager_06,manager06@fleetev.in,DR0103,Driver_103,driver103@fleetev.in,VH00103,3
MGR006,MGRKEY006132,Manager_06,manager06@fleetev.in,DR0104,Driver_104,driver104@fleetev.in,VH00104,4
MGR006,MGRKEY006132,Manager_06,manager06@fleetev.in,DR0105,Driver_105,driver105@fleetev.in,VH00105,5
MGR006,MGRKEY006132,Manager_06,manager06@fleetev.in,DR0106,Driver_106,driver106@fleetev.in,VH00106,6
MGR006,MGRKEY006132,Manager_06,manager06@fleetev.in,DR0107,Driver_107,driver107@fleetev.in,VH00107,7
MGR006,MGRKEY006132,Manager_06,manager06@fleetev.in,DR0108,Driver_108,driver108@fleetev.in,VH00108,8
MGR006,MGRKEY006132,Manager_06,manager06@fleetev.in,DR0109,Driver_109,driver109@fleetev.in,VH00109,9
MGR006,MGRKEY006132,Manager_06,manager06@fleetev.in,DR0110,Driver_110,driver110@fleetev.in,VH00110,10
MGR006,MGRKEY006132,Manager_06,manager06@fleetev.in,DR0111,Driver_111,driver111@fleetev.in,VH00111,11
MGR006,MGRKEY006132,Manager_06,manager06@fleetev.in,DR0112,Driver_112,driver112@fleetev.in,VH00112,12
MGR006,MGRKEY006132,Manager_06,manager06@fleetev.in,DR0113,Driver_113,driver113@fleetev.in,VH00113,13
MGR006,MGRKEY006132,Manager_06,manager06@fleetev.in,DR0114,Driver_114,driver114@fleetev.in,VH00114,14
MGR006,MGRKEY006132,Manager_06,manager06@fleetev.in,DR0115,Driver_115,driver115@fleetev.in,VH00115,15
MGR006,MGRKEY006132,Manager_06,manager06@fleetev.in,DR0116,Driver_116,driver116@fleetev.in,VH00116,16
MGR006,MGRKEY006132,Manager_06,manager06@fleetev.in,DR0117,Driver_117,driver117@fleetev.in,VH00117,17
MGR006,MGRKEY006132,Manager_06,manager06@fleetev.in,DR0118,Driver_118,driver118@fleetev.in,VH00118,18
MGR006,MGRKEY006132,Manager_06,manager06@fleetev.in,DR0119,Driver_119,driver119@fleetev.in,VH00119,19
MGR006,MGRKEY006132,Manager_06,manager06@fleetev.in,DR0120,Driver_120,driver120@fleetev.in,VH00120,20
MGR007,MGRKEY007323,Manager_07,manager07@fleetev.in,DR0121,Driver_121,driver121@fleetev.in,VH00121,1
MGR007,MGRKEY007323,Manager_07,manager07@fleetev.in,DR0122,Driver_122,driver122@fleetev.in,VH00122,2
MGR007,MGRKEY007323,Manager_07,manager07@fleetev.in,DR0123,Driver_123,driver123@fleetev.in,VH00123,3
MGR007,MGRKEY007323,Manager_07,manager07@fleetev.in,DR0124,Driver_124,driver124@fleetev.in,VH00124,4
MGR007,MGRKEY007323,Manager_07,manager07@fleetev.in,DR0125,Driver_125,driver125@fleetev.in,VH00125,5
MGR007,MGRKEY007323,Manager_07,manager07@fleetev.in,DR0126,Driver_126,driver126@fleetev.in,VH00126,6
MGR007,MGRKEY007323,Manager_07,manager07@fleetev.in,DR0127,Driver_127,driver127@fleetev.in,VH00127,7
MGR007,MGRKEY007323,Manager_07,manager07@fleetev.in,DR0128,Driver_128,driver128@fleetev.in,VH00128,8
MGR007,MGRKEY007323,Manager_07,manager07@fleetev.in,DR0129,Driver_129,driver129@fleetev.in,VH00129,9
MGR007,MGRKEY007323,Manager_07,manager07@fleetev.in,DR0130,Driver_130,driver130@fleetev.in,VH00130,10
MGR007,MGRKEY007323,Manager_07,manager07@fleetev.in,DR0131,Driver_131,driver131@fleetev.in,VH00131,11
MGR007,MGRKEY007323,Manager_07,manager07@fleetev.in,DR0132,Driver_132,driver132@fleetev.in,VH00132,12
MGR007,MGRKEY007323,Manager_07,manager07@fleetev.in,DR0133,Driver_133,driver133@fleetev.in,VH00133,13
MGR007,MGRKEY007323,Manager_07,manager07@fleetev.in,DR0134,Driver_134,driver134@fleetev.in,VH00134,14
MGR007,MGRKEY007323,Manager_07,manager07@fleetev.in,DR0135,Driver_135,driver135@fleetev.in,VH00135,15
MGR007,MGRKEY007323,Manager_07,manager07@fleetev.in,DR0136,Driver_136,driver136@fleetev.in,VH00136,16
MGR007,MGRKEY007323,Manager_07,manager07@fleetev.in,DR0137,Driver_137,driver137@fleetev.in,VH00137,17
MGR007,MGRKEY007323,Manager_07,manager07@fleetev.in,DR0138,Driver_138,driver138@fleetev.in,VH00138,18
MGR007,MGRKEY007323,Manager_07,manager07@fleetev.in,DR0139,Driver_139,driver139@fleetev.in,VH00139,19
MGR007,MGRKEY007323,Manager_07,manager07@fleetev.in,DR0140,Driver_140,driver140@fleetev.in,VH00140,20
MGR008,MGRKEY008716,Manager_08,manager08@fleetev.in,DR0141,Driver_141,driver141@fleetev.in,VH00141,1
MGR008,MGRKEY008716,Manager_08,manager08@fleetev.in,DR0142,Driver_142,driver142@fleetev.in,VH00142,2
MGR008,MGRKEY008716,Manager_08,manager08@fleetev.in,DR0143,Driver_143,driver143@fleetev.in,VH00143,3
MGR008,MGRKEY008716,Manager_08,manager08@fleetev.in,DR0144,Driver_144,driver144@fleetev.in,VH00144,4
MGR008,MGRKEY008716,Manager_08,manager08@fleetev.in,DR0145,Driver_145,driver145@fleetev.in,VH00145,5
MGR008,MGRKEY008716,Manager_08,manager08@fleetev.in,DR0146,Driver_146,driver146@fleetev.in,VH00146,6
MGR008,MGRKEY008716,Manager_08,manager08@fleetev.in,DR0147,Driver_147,driver147@fleetev.in,VH00147,7
MGR008,MGRKEY008716,Manager_08,manager08@fleetev.in,DR0148,Driver_148,driver148@fleetev.in,VH00148,8
MGR008,MGRKEY008716,Manager_08,manager08@fleetev.in,DR0149,Driver_149,driver149@fleetev.in,VH00149,9
MGR008,MGRKEY008716,Manager_08,manager08@fleetev.in,DR0150,Driver_150,driver150@fleetev.in,VH00150,10
MGR008,MGRKEY008716,Manager_08,manager08@fleetev.in,DR0151,Driver_151,driver151@fleetev.in,VH00151,11
MGR008,MGRKEY008716,Manager_08,manager08@fleetev.in,DR0152,Driver_152,driver152@fleetev.in,VH00152,12
MGR008,MGRKEY008716,Manager_08,manager08@fleetev.in,DR0153,Driver_153,driver153@fleetev.in,VH00153,13
MGR008,MGRKEY008716,Manager_08,manager08@fleetev.in,DR0154,Driver_154,driver154@fleetev.in,VH00154,14
MGR008,MGRKEY008716,Manager_08,manager08@fleetev.in,DR0155,Driver_155,driver155@fleetev.in,VH00155,15
MGR008,MGRKEY008716,Manager_08,manager08@fleetev.in,DR0156,Driver_156,driver156@fleetev.in,VH00156,16
MGR008,MGRKEY008716,Manager_08,manager08@fleetev.in,DR0157,Driver_157,driver157@fleetev.in,VH00157,17
MGR008,MGRKEY008716,Manager_08,manager08@fleetev.in,DR0158,Driver_158,driver158@fleetev.in,VH00158,18
MGR008,MGRKEY008716,Manager_08,manager08@fleetev.in,DR0159,Driver_159,driver159@fleetev.in,VH00159,19
MGR008,MGRKEY008716,Manager_08,manager08@fleetev.in,DR0160,Driver_160,driver160@fleetev.in,VH00160,20
MGR009,MGRKEY009303,Manager_09,manager09@fleetev.in,DR0161,Driver_161,driver161@fleetev.in,VH00161,1
MGR009,MGRKEY009303,Manager_09,manager09@fleetev.in,DR0162,Driver_162,driver162@fleetev.in,VH00162,2
MGR009,MGRKEY009303,Manager_09,manager09@fleetev.in,DR0163,Driver_163,driver163@fleetev.in,VH00163,3
MGR009,MGRKEY009303,Manager_09,manager09@fleetev.in,DR0164,Driver_164,driver164@fleetev.in,VH00164,4
MGR009,MGRKEY009303,Manager_09,manager09@fleetev.in,DR0165,Driver_165,driver165@fleetev.in,VH00165,5
MGR009,MGRKEY009303,Manager_09,manager09@fleetev.in,DR0166,Driver_166,driver166@fleetev.in,VH00166,6
MGR009,MGRKEY009303,Manager_09,manager09@fleetev.in,DR0167,Driver_167,driver167@fleetev.in,VH00167,7
MGR009,MGRKEY009303,Manager_09,manager09@fleetev.in,DR0168,Driver_168,driver168@fleetev.in,VH00168,8
MGR009,MGRKEY009303,Manager_09,manager09@fleetev.in,DR0169,Driver_169,driver169@fleetev.in,VH00169,9
MGR009,MGRKEY009303,Manager_09,manager09@fleetev.in,DR0170,Driver_170,driver170@fleetev.in,VH00170,10
MGR009,MGRKEY009303,Manager_09,manager09@fleetev.in,DR0171,Driver_171,driver171@fleetev.in,VH00171,11
MGR009,MGRKEY009303,Manager_09,manager09@fleetev.in,DR0172,Driver_172,driver172@fleetev.in,VH00172,12
MGR009,MGRKEY009303,Manager_09,manager09@fleetev.in,DR0173,Driver_173,driver173@fleetev.in,VH00173,13
MGR009,MGRKEY009303,Manager_09,manager09@fleetev.in,DR0174,Driver_174,driver174@fleetev.in,VH00174,14
MGR009,MGRKEY009303,Manager_09,manager09@fleetev.in,DR0175,Driver_175,driver175@fleetev.in,VH00175,15
MGR009,MGRKEY009303,Manager_09,manager09@fleetev.in,DR0176,Driver_176,driver176@fleetev.in,VH00176,16
MGR009,MGRKEY009303,Manager_09,manager09@fleetev.in,DR0177,Driver_177,driver177@fleetev.in,VH00177,17
MGR009,MGRKEY009303,Manager_09,manager09@fleetev.in,DR0178,Driver_178,driver178@fleetev.in,VH00178,18
MGR009,MGRKEY009303,Manager_09,manager09@fleetev.in,DR0179,Driver_179,driver179@fleetev.in,VH00179,19
MGR009,MGRKEY009303,Manager_09,manager09@fleetev.in,DR0180,Driver_180,driver180@fleetev.in,VH00180,20
MGR010,MGRKEY010818,Manager_10,manager10@fleetev.in,DR0181,Driver_181,driver181@fleetev.in,VH00181,1
MGR010,MGRKEY010818,Manager_10,manager10@fleetev.in,DR0182,Driver_182,driver182@fleetev.in,VH00182,2
MGR010,MGRKEY010818,Manager_10,manager10@fleetev.in,DR0183,Driver_183,driver183@fleetev.in,VH00183,3
MGR010,MGRKEY010818,Manager_10,manager10@fleetev.in,DR0184,Driver_184,driver184@fleetev.in,VH00184,4
MGR010,MGRKEY010818,Manager_10,manager10@fleetev.in,DR0185,Driver_185,driver185@fleetev.in,VH00185,5
MGR010,MGRKEY010818,Manager_10,manager10@fleetev.in,DR0186,Driver_186,driver186@fleetev.in,VH00186,6
MGR010,MGRKEY010818,Manager_10,manager10@fleetev.in,DR0187,Driver_187,driver187@fleetev.in,VH00187,7
MGR010,MGRKEY010818,Manager_10,manager10@fleetev.in,DR0188,Driver_188,driver188@fleetev.in,VH00188,8
MGR010,MGRKEY010818,Manager_10,manager10@fleetev.in,DR0189,Driver_189,driver189@fleetev.in,VH00189,9
MGR010,MGRKEY010818,Manager_10,manager10@fleetev.in,DR0190,Driver_190,driver190@fleetev.in,VH00190,10
MGR010,MGRKEY010818,Manager_10,manager10@fleetev.in,DR0191,Driver_191,driver191@fleetev.in,VH00191,11
MGR010,MGRKEY010818,Manager_10,manager10@fleetev.in,DR0192,Driver_192,driver192@fleetev.in,VH00192,12
MGR010,MGRKEY010818,Manager_10,manager10@fleetev.in,DR0193,Driver_193,driver193@fleetev.in,VH00193,13
MGR010,MGRKEY010818,Manager_10,manager10@fleetev.in,DR0194,Driver_194,driver194@fleetev.in,VH00194,14
MGR010,MGRKEY010818,Manager_10,manager10@fleetev.in,DR0195,Driver_195,driver195@fleetev.in,VH00195,15
MGR010,MGRKEY010818,Manager_10,manager10@fleetev.in,DR0196,Driver_196,driver196@fleetev.in,VH00196,16
MGR010,MGRKEY010818,Manager_10,manager10@fleetev.in,DR0197,Driver_197,driver197@fleetev.in,VH00197,17
MGR010,MGRKEY010818,Manager_10,manager10@fleetev.in,DR0198,Driver_198,driver198@fleetev.in,VH00198,18
MGR010,MGRKEY010818,Manager_10,manager10@fleetev.in,DR0199,Driver_199,driver199@fleetev.in,VH00199,19
MGR010,MGRKEY010818,Manager_10,manager10@fleetev.in,DR0200,Driver_200,driver200@fleetev.in,VH00200,20
MGR011,MGRKEY011325,Manager_11,manager11@fleetev.in,DR0201,Driver_201,driver201@fleetev.in,VH00201,1
MGR011,MGRKEY011325,Manager_11,manager11@fleetev.in,DR0202,Driver_202,driver202@fleetev.in,VH00202,2
MGR011,MGRKEY011325,Manager_11,manager11@fleetev.in,DR0203,Driver_203,driver203@fleetev.in,VH00203,3
MGR011,MGRKEY011325,Manager_11,manager11@fleetev.in,DR0204,Driver_204,driver204@fleetev.in,VH00204,4
MGR011,MGRKEY011325,Manager_11,manager11@fleetev.in,DR0205,Driver_205,driver205@fleetev.in,VH00205,5
MGR011,MGRKEY011325,Manager_11,manager11@fleetev.in,DR0206,Driver_206,driver206@fleetev.in,VH00206,6
MGR011,MGRKEY011325,Manager_11,manager11@fleetev.in,DR0207,Driver_207,driver207@fleetev.in,VH00207,7
MGR011,MGRKEY011325,Manager_11,manager11@fleetev.in,DR0208,Driver_208,driver208@fleetev.in,VH00208,8
MGR011,MGRKEY011325,Manager_11,manager11@fleetev.in,DR0209,Driver_209,driver209@fleetev.in,VH00209,9
MGR011,MGRKEY011325,Manager_11,manager11@fleetev.in,DR0210,Driver_210,driver210@fleetev.in,VH00210,10
MGR011,MGRKEY011325,Manager_11,manager11@fleetev.in,DR0211,Driver_211,driver211@fleetev.in,VH00211,11
MGR011,MGRKEY011325,Manager_11,manager11@fleetev.in,DR0212,Driver_212,driver212@fleetev.in,VH00212,12
MGR011,MGRKEY011325,Manager_11,manager11@fleetev.in,DR0213,Driver_213,driver213@fleetev.in,VH00213,13
MGR011,MGRKEY011325,Manager_11,manager11@fleetev.in,DR0214,Driver_214,driver214@fleetev.in,VH00214,14
MGR011,MGRKEY011325,Manager_11,manager11@fleetev.in,DR0215,Driver_215,driver215@fleetev.in,VH00215,15
MGR011,MGRKEY011325,Manager_11,manager11@fleetev.in,DR0216,Driver_216,driver216@fleetev.in,VH00216,16
MGR011,MGRKEY011325,Manager_11,manager11@fleetev.in,DR0217,Driver_217,driver217@fleetev.in,VH00217,17
MGR011,MGRKEY011325,Manager_11,manager11@fleetev.in,DR0218,Driver_218,driver218@fleetev.in,VH00218,18
MGR011,MGRKEY011325,Manager_11,manager11@fleetev.in,DR0219,Driver_219,driver219@fleetev.in,VH00219,19
MGR011,MGRKEY011325,Manager_11,manager11@fleetev.in,DR0220,Driver_220,driver220@fleetev.in,VH00220,20
MGR012,MGRKEY012384,Manager_12,manager12@fleetev.in,DR0221,Driver_221,driver221@fleetev.in,VH00221,1
MGR012,MGRKEY012384,Manager_12,manager12@fleetev.in,DR0222,Driver_222,driver222@fleetev.in,VH00222,2
MGR012,MGRKEY012384,Manager_12,manager12@fleetev.in,DR0223,Driver_223,driver223@fleetev.in,VH00223,3
MGR012,MGRKEY012384,Manager_12,manager12@fleetev.in,DR0224,Driver_224,driver224@fleetev.in,VH00224,4
MGR012,MGRKEY012384,Manager_12,manager12@fleetev.in,DR0225,Driver_225,driver225@fleetev.in,VH00225,5
MGR012,MGRKEY012384,Manager_12,manager12@fleetev.in,DR0226,Driver_226,driver226@fleetev.in,VH00226,6
MGR012,MGRKEY012384,Manager_12,manager12@fleetev.in,DR0227,Driver_227,driver227@fleetev.in,VH00227,7
MGR012,MGRKEY012384,Manager_12,manager12@fleetev.in,DR0228,Driver_228,driver228@fleetev.in,VH00228,8
MGR012,MGRKEY012384,Manager_12,manager12@fleetev.in,DR0229,Driver_229,driver229@fleetev.in,VH00229,9
MGR012,MGRKEY012384,Manager_12,manager12@fleetev.in,DR0230,Driver_230,driver230@fleetev.in,VH00230,10
MGR012,MGRKEY012384,Manager_12,manager12@fleetev.in,DR0231,Driver_231,driver231@fleetev.in,VH00231,11
MGR012,MGRKEY012384,Manager_12,manager12@fleetev.in,DR0232,Driver_232,driver232@fleetev.in,VH00232,12
MGR012,MGRKEY012384,Manager_12,manager12@fleetev.in,DR0233,Driver_233,driver233@fleetev.in,VH00233,13
MGR012,MGRKEY012384,Manager_12,manager12@fleetev.in,DR0234,Driver_234,driver234@fleetev.in,VH00234,14
MGR012,MGRKEY012384,Manager_12,manager12@fleetev.in,DR0235,Driver_235,driver235@fleetev.in,VH00235,15
MGR012,MGRKEY012384,Manager_12,manager12@fleetev.in,DR0236,Driver_236,driver236@fleetev.in,VH00236,16
MGR012,MGRKEY012384,Manager_12,manager12@fleetev.in,DR0237,Driver_237,driver237@fleetev.in,VH00237,17
MGR012,MGRKEY012384,Manager_12,manager12@fleetev.in,DR0238,Driver_238,driver238@fleetev.in,VH00238,18
MGR012,MGRKEY012384,Manager_12,manager12@fleetev.in,DR0239,Driver_239,driver239@fleetev.in,VH00239,19
MGR012,MGRKEY012384,Manager_12,manager12@fleetev.in,DR0240,Driver_240,driver240@fleetev.in,VH00240,20
