driver_id,user_id,driver_name,email,phone,role,account_status,email_verified,fleet_manager_id,manager_key_used,manager_email,vehicle_id,vin,registration_number,vehicle_make,vehicle_model,car_type,manufacture_year,vehicle_weight_kg,battery_capacity_kwh,insurance_expiry,driver_experience_years,driver_income,created_at
DR0001,USR0001,Driver_001,driver001@fleetev.in,+917667779376,Driver,Active,True,MGR001,MGRKEY001754,manager01@fleetev.in,VH00001,IN66722344,MH53EV5552,Tata,Tata Tigor EV,Sedan,2021,1255,26,2023-11-01,3,74797,2023-01-01
DR0002,USR0002,Driver_002,driver002@fleetev.in,+917186618211,Driver,Inactive,False,MGR001,MGRKEY001754,manager01@fleetev.in,VH00002,IN58181396,MH54EV5333,Tata,Tata Tiago EV,Hatchback,2023,1205,24,2023-11-24,13,35328,2023-01-01
DR0003,USR0003,Driver_003,driver003@fleetev.in,+919479708607,Driver,Active,True,MGR001,MGRKEY001754,manager01@fleetev.in,VH00003,IN49349722,MH90EV6925,Mahindra,Mahindra XEV 9e,SUV,2024,2100,79,2023-09-29,2,111673,2023-01-01
DR0004,USR0004,Driver_004,driver004@fleetev.in,+917433797840,Driver,Active,False,MGR001,MGRKEY001754,manager01@fleetev.in,VH00004,IN48840994,MH20EV4814,MG,MG ZS EV,SUV,2021,1620,50.3,2024-10-26,12,46319,2023-01-01
DR0005,USR0005,Driver_005,driver005@fleetev.in,+919935814872,Driver,Active,True,MGR001,MGRKEY001754,manager01@fleetev.in,VH00005,IN57683626,MH36EV5374,Kia,Kia EV6,Crossover,2023,1960,77.4,2024-01-11,18,57087,2023-01-01
DR0006,USR0006,Driver_006,driver006@fleetev.in,+919748778024,Driver,Active,True,MGR001,MGRKEY001754,manager01@fleetev.in,VH00006,IN72043515,MH58EV5422,Tata,Tata Tigor EV,Sedan,2024,1255,26,2024-06-16,2,55021,2023-01-01
DR0007,USR0007,Driver_007,driver007@fleetev.in,+917284277889,Driver,Active,True,MGR001,MGRKEY001754,manager01@fleetev.in,VH00007,IN52339391,MH61EV5386,Tata,Tata Nexon EV,SUV,2023,1570,30.2,2024-06-06,7,110909,2023-01-01
DR0008,USR0008,Driver_008,driver008@fleetev.in,+917613628803,Driver,Active,True,MGR001,MGRKEY001754,manager01@fleetev.in,VH00008,IN63100814,MH92EV8517,BYD,BYD Atto 3,SUV,2020,1750,60.5,2024-03-28,18,95644,2023-01-01
DR0009,USR0009,Driver_009,driver009@fleetev.in,+918554762903,Driver,Active,True,MGR001,MGRKEY001754,manager01@fleetev.in,VH00009,IN88461803,MH64EV7543,Hyundai,Hyundai Kona EV,SUV,2020,1535,39.2,2024-12-22,16,36915,2023-01-01
DR0010,USR0010,Driver_010,driver010@fleetev.in,+919922644564,Driver,Active,False,MGR001,MGRKEY001754,manager01@fleetev.in,VH00010,IN24716857,MH29EV3621,Tata,Tata Nexon EV,SUV,2023,1570,30.2,2023-09-23,13,75019,2023-01-01
DR0011,USR0011,Driver_011,driver011@fleetev.in,+919376087131,Driver,Active,True,MGR001,MGRKEY001754,manager01@fleetev.in,VH00011,IN72820592,MH77EV5119,Mahindra,Mahindra BE 6e,Crossover,2024,1980,59,2023-11-14,18,59973,2023-01-01
DR0012,USR0012,Driver_012,driver012@fleetev.in,+918867302554,Driver,Inactive,True,MGR001,MGRKEY001754,manager01@fleetev.in,VH00012,IN55657579,MH24EV5808,Volvo,Volvo XC40 Recharge,SUV,2022,2040,78,2023-07-23,9,90612,2023-01-01
DR0013,USR0013,Driver_013,driver013@fleetev.in,+919744267175,Driver,Active,True,MGR001,MGRKEY001754,manager01@fleetev.in,VH00013,IN78139880,MH23EV5889,Tata,Tata Tigor EV,Sedan,2020,1255,26,2024-08-05,6,95697,2023-01-01
DR0014,USR0014,Driver_014,driver014@fleetev.in,+919098545541,Driver,Active,True,MGR001,MGRKEY001754,manager01@fleetev.in,VH00014,IN10076758,MH86EV6310,Mahindra,Mahindra XEV 9e,SUV,2019,2100,79,2024-07-25,10,56385,2023-01-01
DR0015,USR0015,Driver_015,driver015@fleetev.in,+917367878761,Driver,Active,False,MGR001,MGRKEY001754,manager01@fleetev.in,VH00015,IN42329237,MH82EV2290,Tata,Tata Nexon EV,SUV,2019,1570,30.2,2023-11-25,5,111474,2023-01-01
DR0016,USR0016,Driver_016,driver016@fleetev.in,+919266341635,Driver,Active,False,MGR001,MGRKEY001754,manager01@fleetev.in,VH00016,IN83793389,MH31EV5342,BYD,BYD Atto 3,SUV,2020,1750,60.5,2024-02-10,10,77296,2023-01-01
DR0017,USR0017,Driver_017,driver017@fleetev.in,+919222971316,Driver,Active,False,MGR001,MGRKEY001754,manager01@fleetev.in,VH00017,IN97225156,MH57EV8177,Volvo,Volvo XC40 Recharge,SUV,2019,2040,78,2024-03-29,8,33392,2023-01-01
DR0018,USR0018,Driver_018,driver018@fleetev.in,+919527331058,Driver,Active,True,MGR001,MGRKEY001754,manager01@fleetev.in,VH00018,IN12823170,MH85EV4770,Kia,Kia EV6,Crossover,2019,1960,77.4,2023-09-30,2,55007,2023-01-01
DR0019,USR0019,Driver_019,driver019@fleetev.in,+919208283728,Driver,Active,True,MGR001,MGRKEY001754,manager01@fleetev.in,VH00019,IN14216175,MH52EV2160,Tata,Tata Tiago EV,Hatchback,2021,1205,24,2024-11-28,7,95678,2023-01-01
DR0020,USR0020,Driver_020,driver020@fleetev.in,+918043665192,Driver,Active,False,MGR001,MGRKEY001754,manager01@fleetev.in,VH00020,IN86644106,MH83EV8744,Tata,Tata Tigor EV,Sedan,2022,1255,26,2024-01-30,4,37704,2023-01-01
DR0021,USR0021,Driver_021,driver021@fleetev.in,+918765670844,Driver,Active,False,MGR002,MGRKEY002859,manager02@fleetev.in,VH00021,IN67854710,MH55EV7939,Volvo,Volvo XC40 Recharge,SUV,2024,2040,78,2023-09-13,4,32944,2023-01-01
DR0022,USR0022,Driver_022,driver022@fleetev.in,+917822873088,Driver,Active,True,MGR002,MGRKEY002859,manager02@fleetev.in,VH00022,IN55540424,MH23EV5073,BYD,BYD Seal,Sedan,2023,1885,82.5,2024-10-21,5,80296,2023-01-01
DR0023,USR0023,Driver_023,driver023@fleetev.in,+917323775634,Driver,Active,False,MGR002,MGRKEY002859,manager02@fleetev.in,VH00023,IN47385696,MH69EV5092,Tata,Tata Tigor EV,Sedan,2023,1255,26,2023-10-28,2,110477,2023-01-01
DR0024,USR0024,Driver_024,driver024@fleetev.in,+917714300770,Driver,Active,False,MGR002,MGRKEY002859,manager02@fleetev.in,VH00024,IN11980765,MH21EV4872,Mahindra,Mahindra XEV 9e,SUV,2022,2100,79,2024-11-23,7,77565,2023-01-01
DR0025,USR0025,Driver_025,driver025@fleetev.in,+918676848676,Driver,Active,True,MGR002,MGRKEY002859,manager02@fleetev.in,VH00025,IN32097220,MH58EV1035,Tata,Tata Nexon EV,SUV,2022,1570,30.2,2024-05-07,14,116303,2023-01-01
DR0026,USR0026,Driver_026,driver026@fleetev.in,+917664847319,Driver,Active,True,MGR002,MGRKEY002859,manager02@fleetev.in,VH00026,IN84593961,MH94EV8973,BMW,BMW i4,Sedan,2021,2050,83.9,2024-02-27,2,100914,2023-01-01
DR0027,USR0027,Driver_027,driver027@fleetev.in,+917245522987,Driver,Active,True,MGR002,MGRKEY002859,manager02@fleetev.in,VH00027,IN82772208,MH17EV6138,BMW,BMW i4,Sedan,2023,2050,83.9,2024-11-19,17,94615,2023-01-01
DR0028,USR0028,Driver_028,driver028@fleetev.in,+917798112150,Driver,Active,True,MGR002,MGRKEY002859,manager02@fleetev.in,VH00028,IN17634247,MH75EV2312,Tata,Tata Tigor EV,Sedan,2023,1255,26,2023-09-27,8,77923,2023-01-01
DR0029,USR0029,Driver_029,driver029@fleetev.in,+919660223333,Driver,Active,True,MGR002,MGRKEY002859,manager02@fleetev.in,VH00029,IN86460539,MH41EV1651,Tata,Tata Tiago EV,Hatchback,2022,1205,24,2024-06-07,9,51772,2023-01-01
DR0030,USR0030,Driver_030,driver030@fleetev.in,+918699887270,Driver,Active,True,MGR002,MGRKEY002859,manager02@fleetev.in,VH00030,IN52169044,MH40EV5351,Volvo,Volvo XC40 Recharge,SUV,2024,2040,78,2024-05-22,15,66441,2023-01-01
DR0031,USR0031,Driver_031,driver031@fleetev.in,+917314652384,Driver,Active,True,MGR002,MGRKEY002859,manager02@fleetev.in,VH00031,IN11250299,MH68EV2638,Tata,Tata Tiago EV,Hatchback,2023,1205,24,2024-04-16,5,70745,2023-01-01
DR0032,USR0032,Driver_032,driver032@fleetev.in,+917677517496,Driver,Active,False,MGR002,MGRKEY002859,manager02@fleetev.in,VH00032,IN42787299,MH57EV5669,Tata,Tata Tiago EV,Hatchback,2023,1205,24,2024-05-24,20,110717,2023-01-01
DR0033,USR0033,Driver_033,driver033@fleetev.in,+919849232839,Driver,Active,True,MGR002,MGRKEY002859,manager02@fleetev.in,VH00033,IN11049999,MH95EV5905,Mahindra,Mahindra XEV 9e,SUV,2020,2100,79,2024-04-15,4,39029,2023-01-01
DR0034,USR0034,Driver_034,driver034@fleetev.in,+918210133979,Driver,Inactive,True,MGR002,MGRKEY002859,manager02@fleetev.in,VH00034,IN84252420,MH29EV5462,BMW,BMW i4,Sedan,2024,2050,83.9,2024-07-05,7,115111,2023-01-01
DR0035,USR0035,Driver_035,driver035@fleetev.in,+918078557553,Driver,Inactive,True,MGR002,MGRKEY002859,manager02@fleetev.in,VH00035,IN45431319,MH74EV9004,Volvo,Volvo XC40 Recharge,SUV,2019,2040,78,2024-09-25,9,30778,2023-01-01
DR0036,USR0036,Driver_036,driver036@fleetev.in,+917693989311,Driver,Active,False,MGR002,MGRKEY002859,manager02@fleetev.in,VH00036,IN54769200,MH26EV5291,Tata,Tata Nexon EV,SUV,2023,1570,30.2,2024-09-29,18,26267,2023-01-01
DR0037,USR0037,Driver_037,driver037@fleetev.in,+919343292475,Driver,Active,True,MGR002,MGRKEY002859,manager02@fleetev.in,VH00037,IN20099059,MH98EV3442,Tata,Tata Tiago EV,Hatchback,2021,1205,24,2023-12-18,14,41704,2023-01-01
DR0038,USR0038,Driver_038,driver038@fleetev.in,+918536778950,Driver,Active,True,MGR002,MGRKEY002859,manager02@fleetev.in,VH00038,IN51373735,MH56EV1653,Tata,Tata Nexon EV,SUV,2024,1570,30.2,2024-03-31,4,71357,2023-01-01
DR0039,USR0039,Driver_039,driver039@fleetev.in,+918016779084,Driver,Active,True,MGR002,MGRKEY002859,manager02@fleetev.in,VH00039,IN64543049,MH89EV3532,Mahindra,Mahindra XEV 9e,SUV,2020,2100,79,2024-09-14,1,48509,2023-01-01
DR0040,USR0040,Driver_040,driver040@fleetev.in,+918145921803,Driver,Active,True,MGR002,MGRKEY002859,manager02@fleetev.in,VH00040,IN54585178,MH62EV5065,BMW,BMW i4,Sedan,2024,2050,83.9,2023-11-07,13,30075,2023-01-01
DR0041,USR0041,Driver_041,driver041@fleetev.in,+918501771491,Driver,Active,True,MGR003,MGRKEY003328,manager03@fleetev.in,VH00041,IN39854548,MH35EV8541,BYD,BYD Atto 3,SUV,2020,1750,60.5,2024-03-04,1,111511,2023-01-01
DR0042,USR0042,Driver_042,driver042@fleetev.in,+917298159856,Driver,Active,True,MGR003,MGRKEY003328,manager03@fleetev.in,VH00042,IN63481198,MH52EV5564,MG,MG ZS EV,SUV,2021,1620,50.3,2024-12-22,13,114065,2023-01-01
DR0043,USR0043,Driver_043,driver043@fleetev.in,+918121910732,Driver,Active,True,MGR003,MGRKEY003328,manager03@fleetev.in,VH00043,IN54446182,MH13EV2889,Mahindra,Mahindra XEV 9e,SUV,2023,2100,79,2024-04-16,2,39208,2023-01-01
DR0044,USR0044,Driver_044,driver044@fleetev.in,+918874297457,Driver,Inactive,True,MGR003,MGRKEY003328,manager03@fleetev.in,VH00044,IN68326160,MH54EV6139,Mahindra,Mahindra BE 6e,Crossover,2022,1980,59,2024-01-30,9,30817,2023-01-01
DR0045,USR0045,Driver_045,driver045@fleetev.in,+919312633708,Driver,Active,True,MGR003,MGRKEY003328,manager03@fleetev.in,VH00045,IN68526649,MH10EV9518,BMW,BMW i4,Sedan,2021,2050,83.9,2024-10-03,3,112062,2023-01-01
DR0046,USR0046,Driver_046,driver046@fleetev.in,+918289874320,Driver,Active,True,MGR003,MGRKEY003328,manager03@fleetev.in,VH00046,IN93638503,MH50EV3041,Kia,Kia EV6,Crossover,2024,1960,77.4,2024-09-10,11,77743,2023-01-01
DR0047,USR0047,Driver_047,driver047@fleetev.in,+917823946934,Driver,Active,False,MGR003,MGRKEY003328,manager03@fleetev.in,VH00047,IN49682169,MH80EV3085,BMW,BMW i4,Sedan,2024,2050,83.9,2024-08-11,6,105676,2023-01-01
DR0048,USR0048,Driver_048,driver048@fleetev.in,+917001743499,Driver,Active,True,MGR003,MGRKEY003328,manager03@fleetev.in,VH00048,IN50392808,MH61EV9977,Mahindra,Mahindra BE 6e,Crossover,2021,1980,59,2024-02-20,14,101019,2023-01-01
DR0049,USR0049,Driver_049,driver049@fleetev.in,+918897456484,Driver,Active,False,MGR003,MGRKEY003328,manager03@fleetev.in,VH00049,IN97873101,MH51EV8618,Mahindra,Mahindra BE 6e,Crossover,2024,1980,59,2024-02-23,17,87021,2023-01-01
DR0050,USR0050,Driver_050,driver050@fleetev.in,+918218853328,Driver,Active,True,MGR003,MGRKEY003328,manager03@fleetev.in,VH00050,IN32775593,MH94EV2389,BMW,BMW i4,Sedan,2019,2050,83.9,2024-03-16,10,54444,2023-01-01
DR0051,USR0051,Driver_051,driver051@fleetev.in,+918051590706,Driver,Inactive,False,MGR003,MGRKEY003328,manager03@fleetev.in,VH00051,IN29777514,MH13EV1757,MG,MG ZS EV,SUV,2023,1620,50.3,2023-10-02,15,79321,2023-01-01
DR0052,USR0052,Driver_052,driver052@fleetev.in,+919123333781,Driver,Active,False,MGR003,MGRKEY003328,manager03@fleetev.in,VH00052,IN87265240,MH34EV7291,Volvo,Volvo XC40 Recharge,SUV,2020,2040,78,2023-12-18,1,38970,2023-01-01
DR0053,USR0053,Driver_053,driver053@fleetev.in,+918995226582,Driver,Inactive,True,MGR003,MGRKEY003328,manager03@fleetev.in,VH00053,IN39372360,MH32EV9486,BYD,BYD Seal,Sedan,2023,1885,82.5,2024-03-31,4,84829,2023-01-01
DR0054,USR0054,Driver_054,driver054@fleetev.in,+919400565848,Driver,Active,True,MGR003,MGRKEY003328,manager03@fleetev.in,VH00054,IN72363359,MH95EV9702,Tata,Tata Tigor EV,Sedan,2022,1255,26,2024-12-17,14,96810,2023-01-01
DR0055,USR0055,Driver_055,driver055@fleetev.in,+918113219231,Driver,Active,True,MGR003,MGRKEY003328,manager03@fleetev.in,VH00055,IN31361812,MH70EV8373,BYD,BYD Atto 3,SUV,2024,1750,60.5,2024-04-28,17,88517,2023-01-01
DR0056,USR0056,Driver_056,driver056@fleetev.in,+917332788471,Driver,Inactive,True,MGR003,MGRKEY003328,manager03@fleetev.in,VH00056,IN42111036,MH45EV8206,Volvo,Volvo XC40 Recharge,SUV,2020,2040,78,2024-04-23,11,66904,2023-01-01
DR0057,USR0057,Driver_057,driver057@fleetev.in,+917993260504,Driver,Active,False,MGR003,MGRKEY003328,manager03@fleetev.in,VH00057,IN20814950,MH27EV3471,Mahindra,Mahindra XEV 9e,SUV,2024,2100,79,2023-12-23,7,33418,2023-01-01
DR0058,USR0058,Driver_058,driver058@fleetev.in,+919001129658,Driver,Active,False,MGR003,MGRKEY003328,manager03@fleetev.in,VH00058,IN64707061,MH52EV9890,BYD,BYD Seal,Sedan,2019,1885,82.5,2024-02-16,14,76049,2023-01-01
DR0059,USR0059,Driver_059,driver059@fleetev.in,+919048612358,Driver,Active,True,MGR003,MGRKEY003328,manager03@fleetev.in,VH00059,IN12621534,MH83EV7232,Mahindra,Mahindra BE 6e,Crossover,2021,1980,59,2024-05-20,13,79921,2023-01-01
DR0060,USR0060,Driver_060,driver060@fleetev.in,+919096929657,Driver,Active,True,MGR003,MGRKEY003328,manager03@fleetev.in,VH00060,IN83300637,MH87EV4613,Mahindra,Mahindra XEV 9e,SUV,2021,2100,79,2024-10-08,16,28804,2023-01-01
DR0061,USR0061,Driver_061,driver061@fleetev.in,+917708861714,Driver,Active,False,MGR004,MGRKEY004792,manager04@fleetev.in,VH00061,IN55114543,MH95EV7624,BYD,BYD Seal,Sedan,2020,1885,82.5,2023-08-16,13,102580,2023-01-01
DR0062,USR0062,Driver_062,driver062@fleetev.in,+919760588734,Driver,Active,False,MGR004,MGRKEY004792,manager04@fleetev.in,VH00062,IN98986321,MH13EV2375,Mahindra,Mahindra BE 6e,Crossover,2020,1980,59,2024-11-03,6,31590,2023-01-01
DR0063,USR0063,Driver_063,driver063@fleetev.in,+918952918745,Driver,Active,True,MGR004,MGRKEY004792,manager04@fleetev.in,VH00063,IN60882459,MH51EV4467,Hyundai,Hyundai Kona EV,SUV,2021,1535,39.2,2024-08-11,9,80255,2023-01-01
DR0064,USR0064,Driver_064,driver064@fleetev.in,+919316787198,Driver,Active,True,MGR004,MGRKEY004792,manager04@fleetev.in,VH00064,IN20993268,MH70EV1317,Hyundai,Hyundai Kona EV,SUV,2021,1535,39.2,2024-03-05,3,110426,2023-01-01
DR0065,USR0065,Driver_065,driver065@fleetev.in,+917087531510,Driver,Active,True,MGR004,MGRKEY004792,manager04@fleetev.in,VH00065,IN14164775,MH41EV4266,Tata,Tata Nexon EV,SUV,2020,1570,30.2,2023-11-26,16,112747,2023-01-01
DR0066,USR0066,Driver_066,driver066@fleetev.in,+918100558303,Driver,Active,True,MGR004,MGRKEY004792,manager04@fleetev.in,VH00066,IN85694715,MH37EV8619,Tata,Tata Tiago EV,Hatchback,2020,1205,24,2023-11-14,6,65768,2023-01-01
DR0067,USR0067,Driver_067,driver067@fleetev.in,+919473028098,Driver,Active,False,MGR004,MGRKEY004792,manager04@fleetev.in,VH00067,IN87669750,MH13EV6111,Tata,Tata Tiago EV,Hatchback,2022,1205,24,2024-02-08,3,102607,2023-01-01
DR0068,USR0068,Driver_068,driver068@fleetev.in,+919994421136,Driver,Active,True,MGR004,MGRKEY004792,manager04@fleetev.in,VH00068,IN94187049,MH41EV2669,BMW,BMW i4,Sedan,2024,2050,83.9,2023-11-20,19,30383,2023-01-01
DR0069,USR0069,Driver_069,driver069@fleetev.in,+917296166921,Driver,Active,True,MGR004,MGRKEY004792,manager04@fleetev.in,VH00069,IN81503856,MH64EV7071,Kia,Kia EV6,Crossover,2019,1960,77.4,2024-09-22,16,38833,2023-01-01
DR0070,USR0070,Driver_070,driver070@fleetev.in,+917657091982,Driver,Suspended,False,MGR004,MGRKEY004792,manager04@fleetev.in,VH00070,IN58612055,MH91EV8532,BYD,BYD Seal,Sedan,2020,1885,82.5,2024-04-21,20,95539,2023-01-01
DR0071,USR0071,Driver_071,driver071@fleetev.in,+918384287616,Driver,Active,True,MGR004,MGRKEY004792,manager04@fleetev.in,VH00071,IN72394301,MH65EV5397,BYD,BYD Atto 3,SUV,2019,1750,60.5,2024-04-30,15,56963,2023-01-01
DR0072,USR0072,Driver_072,driver072@fleetev.in,+918444812497,Driver,Active,True,MGR004,MGRKEY004792,manager04@fleetev.in,VH00072,IN86483924,MH88EV7209,BYD,BYD Atto 3,SUV,2022,1750,60.5,2024-06-16,6,88904,2023-01-01
DR0073,USR0073,Driver_073,driver073@fleetev.in,+918201124041,Driver,Active,True,MGR004,MGRKEY004792,manager04@fleetev.in,VH00073,IN57623800,MH43EV6576,MG,MG ZS EV,SUV,2023,1620,50.3,2023-07-30,17,50042,2023-01-01
DR0074,USR0074,Driver_074,driver074@fleetev.in,+919384463652,Driver,Active,True,MGR004,MGRKEY004792,manager04@fleetev.in,VH00074,IN42394260,MH62EV9004,Tata,Tata Tiago EV,Hatchback,2024,1205,24,2024-11-18,16,83743,2023-01-01
DR0075,USR0075,Driver_075,driver075@fleetev.in,+918736889606,Driver,Active,True,MGR004,MGRKEY004792,manager04@fleetev.in,VH00075,IN22489409,MH47EV4630,Tata,Tata Nexon EV,SUV,2021,1570,30.2,2024-07-31,16,97544,2023-01-01
DR0076,USR0076,Driver_076,driver076@fleetev.in,+918511014697,Driver,Active,False,MGR004,MGRKEY004792,manager04@fleetev.in,VH00076,IN56138336,MH64EV6419,Mahindra,Mahindra XEV 9e,SUV,2021,2100,79,2024-05-28,9,55217,2023-01-01
DR0077,USR0077,Driver_077,driver077@fleetev.in,+919301518177,Driver,Active,True,MGR004,MGRKEY004792,manager04@fleetev.in,VH00077,IN35848226,MH50EV2958,Tata,Tata Tiago EV,Hatchback,2020,1205,24,2024-02-26,16,61241,2023-01-01
DR0078,USR0078,Driver_078,driver078@fleetev.in,+917431756350,Driver,Active,True,MGR004,MGRKEY004792,manager04@fleetev.in,VH00078,IN89133014,MH77EV5636,BMW,BMW i4,Sedan,2021,2050,83.9,2024-03-08,12,48519,2023-01-01
DR0079,USR0079,Driver_079,driver079@fleetev.in,+918178158203,Driver,Active,True,MGR004,MGRKEY004792,manager04@fleetev.in,VH00079,IN11898961,MH78EV3073,Hyundai,Hyundai Kona EV,SUV,2019,1535,39.2,2024-05-14,5,108606,2023-01-01
DR0080,USR0080,Driver_080,driver080@fleetev.in,+919016044512,Driver,Active,False,MGR004,MGRKEY004792,manager04@fleetev.in,VH00080,IN23769080,MH11EV5658,BYD,BYD Atto 3,SUV,2022,1750,60.5,2024-07-02,6,31734,2023-01-01
DR0081,USR0081,Driver_081,driver081@fleetev.in,+918721025347,Driver,Active,False,MGR005,MGRKEY005189,manager05@fleetev.in,VH00081,IN74119726,MH24EV2070,Hyundai,Hyundai Kona EV,SUV,2019,1535,39.2,2023-09-12,5,44555,2023-01-01
DR0082,USR0082,Driver_082,driver082@fleetev.in,+917508745584,Driver,Active,False,MGR005,MGRKEY005189,manager05@fleetev.in,VH00082,IN50780112,MH20EV5066,Mahindra,Mahindra BE 6e,Crossover,2023,1980,59,2024-03-07,17,74856,2023-01-01
DR0083,USR0083,Driver_083,driver083@fleetev.in,+918311598149,Driver,Active,True,MGR005,MGRKEY005189,manager05@fleetev.in,VH00083,IN69421007,MH48EV8025,BYD,BYD Atto 3,SUV,2023,1750,60.5,2023-10-29,7,106987,2023-01-01
DR0084,USR0084,Driver_084,driver084@fleetev.in,+917674555072,Driver,Active,True,MGR005,MGRKEY005189,manager05@fleetev.in,VH00084,IN45520201,MH94EV2330,MG,MG ZS EV,SUV,2020,1620,50.3,2023-10-04,6,25350,2023-01-01
DR0085,USR0085,Driver_085,driver085@fleetev.in,+918250949136,Driver,Active,True,MGR005,MGRKEY005189,manager05@fleetev.in,VH00085,IN70465583,MH98EV8699,BYD,BYD Seal,Sedan,2020,1885,82.5,2024-05-10,10,117141,2023-01-01
DR0086,USR0086,Driver_086,driver086@fleetev.in,+918136253459,Driver,Active,True,MGR005,MGRKEY005189,manager05@fleetev.in,VH00086,IN19553585,MH97EV4824,BYD,BYD Atto 3,SUV,2022,1750,60.5,2023-11-14,18,54466,2023-01-01
DR0087,USR0087,Driver_087,driver087@fleetev.in,+917306702926,Driver,Active,True,MGR005,MGRKEY005189,manager05@fleetev.in,VH00087,IN29997018,MH44EV3330,Volvo,Volvo XC40 Recharge,SUV,2020,2040,78,2024-05-29,20,99607,2023-01-01
DR0088,USR0088,Driver_088,driver088@fleetev.in,+919957849462,Driver,Active,True,MGR005,MGRKEY005189,manager05@fleetev.in,VH00088,IN68942178,MH25EV8679,Hyundai,Hyundai Kona EV,SUV,2024,1535,39.2,2024-09-04,9,90597,2023-01-01
DR0089,USR0089,Driver_089,driver089@fleetev.in,+919568547910,Driver,Active,True,MGR005,MGRKEY005189,manager05@fleetev.in,VH00089,IN76276072,MH66EV2317,Mahindra,Mahindra XEV 9e,SUV,2022,2100,79,2024-06-14,20,57816,2023-01-01
DR0090,USR0090,Driver_090,driver090@fleetev.in,+919887427412,Driver,Active,True,MGR005,MGRKEY005189,manager05@fleetev.in,VH00090,IN22257687,MH39EV1339,Tata,Tata Nexon EV,SUV,2023,1570,30.2,2023-08-30,6,86669,2023-01-01
DR0091,USR0091,Driver_091,driver091@fleetev.in,+917779489931,Driver,Active,False,MGR005,MGRKEY005189,manager05@fleetev.in,VH00091,IN97444123,MH66EV5557,Mahindra,Mahindra XEV 9e,SUV,2024,2100,79,2024-12-04,3,86605,2023-01-01
DR0092,USR0092,Driver_092,driver092@fleetev.in,+919878201524,Driver,Active,True,MGR005,MGRKEY005189,manager05@fleetev.in,VH00092,IN64807553,MH52EV6260,Kia,Kia EV6,Crossover,2020,1960,77.4,2024-06-21,14,115921,2023-01-01
DR0093,USR0093,Driver_093,driver093@fleetev.in,+919362646960,Driver,Active,True,MGR005,MGRKEY005189,manager05@fleetev.in,VH00093,IN48683937,MH94EV7561,BYD,BYD Atto 3,SUV,2022,1750,60.5,2023-10-18,11,58082,2023-01-01
DR0094,USR0094,Driver_094,driver094@fleetev.in,+917004943787,Driver,Active,False,MGR005,MGRKEY005189,manager05@fleetev.in,VH00094,IN25558733,MH61EV9431,Kia,Kia EV6,Crossover,2022,1960,77.4,2023-09-13,7,92952,2023-01-01
DR0095,USR0095,Driver_095,driver095@fleetev.in,+917221670908,Driver,Active,True,MGR005,MGRKEY005189,manager05@fleetev.in,VH00095,IN93568503,MH73EV8242,Kia,Kia EV6,Crossover,2021,1960,77.4,2023-12-01,10,82424,2023-01-01
DR0096,USR0096,Driver_096,driver096@fleetev.in,+919705925058,Driver,Active,True,MGR005,MGRKEY005189,manager05@fleetev.in,VH00096,IN75056916,MH25EV1472,BMW,BMW i4,Sedan,2024,2050,83.9,2023-12-29,10,97199,2023-01-01
DR0097,USR0097,Driver_097,driver097@fleetev.in,+917965081954,Driver,Active,True,MGR005,MGRKEY005189,manager05@fleetev.in,VH00097,IN84121929,MH62EV2527,Tata,Tata Nexon EV,SUV,2022,1570,30.2,2023-11-17,5,90323,2023-01-01
DR0098,USR0098,Driver_098,driver098@fleetev.in,+918784517419,Driver,Active,False,MGR005,MGRKEY005189,manager05@fleetev.in,VH00098,IN49172995,MH75EV5479,BMW,BMW i4,Sedan,2022,2050,83.9,2024-03-25,15,97255,2023-01-01
DR0099,USR0099,Driver_099,driver099@fleetev.in,+917586298866,Driver,Active,True,MGR005,MGRKEY005189,manager05@fleetev.in,VH00099,IN61484043,MH34EV9327,Tata,Tata Tigor EV,Sedan,2021,1255,26,2024-09-16,11,91550,2023-01-01
DR0100,USR0100,Driver_100,driver100@fleetev.in,+919520878317,Driver,Active,False,MGR005,MGRKEY005189,manager05@fleetev.in,VH00100,IN10344303,MH46EV5891,Hyundai,Hyundai Kona EV,SUV,2020,1535,39.2,2024-10-19,18,88483,2023-01-01
DR0101,USR0101,Driver_101,driver101@fleetev.in,+918620104855,Driver,Active,False,MGR006,MGRKEY006132,manager06@fleetev.in,VH00101,IN54619335,MH80EV9903,Kia,Kia EV6,Crossover,2021,1960,77.4,2024-01-29,8,99946,2023-01-01
DR0102,USR0102,Driver_102,driver102@fleetev.in,+918366556920,Driver,Active,False,MGR006,MGRKEY006132,manager06@fleetev.in,VH00102,IN41348220,MH62EV1715,BYD,BYD Seal,Sedan,2024,1885,82.5,2024-08-13,13,111991,2023-01-01
DR0103,USR0103,Driver_103,driver103@fleetev.in,+917542223599,Driver,Active,True,MGR006,MGRKEY006132,manager06@fleetev.in,VH00103,IN30415230,MH73EV1606,Volvo,Volvo XC40 Recharge,SUV,2019,2040,78,2024-10-12,4,93937,2023-01-01
DR0104,USR0104,Driver_104,driver104@fleetev.in,+919812264367,Driver,Active,True,MGR006,MGRKEY006132,manager06@fleetev.in,VH00104,IN12059919,MH28EV7717,BYD,BYD Atto 3,SUV,2019,1750,60.5,2024-11-11,9,69375,2023-01-01
DR0105,USR0105,Driver_105,driver105@fleetev.in,+918411178445,Driver,Inactive,False,MGR006,MGRKEY006132,manager06@fleetev.in,VH00105,IN63349308,MH93EV2315,Mahindra,Mahindra BE 6e,Crossover,2021,1980,59,2024-11-30,18,29705,2023-01-01
DR0106,USR0106,Driver_106,driver106@fleetev.in,+917977046129,Driver,Active,True,MGR006,MGRKEY006132,manager06@fleetev.in,VH00106,IN19183277,MH40EV5708,Mahindra,Mahindra BE 6e,Crossover,2022,1980,59,2023-10-28,4,83153,2023-01-01
DR0107,USR0107,Driver_107,driver107@fleetev.in,+918393178591,Driver,Active,True,MGR006,MGRKEY006132,manager06@fleetev.in,VH00107,IN50193656,MH13EV1753,Tata,Tata Tigor EV,Sedan,2021,1255,26,2024-07-21,12,81450,2023-01-01
DR0108,USR0108,Driver_108,driver108@fleetev.in,+919430642523,Driver,Active,True,MGR006,MGRKEY006132,manager06@fleetev.in,VH00108,IN42775624,MH77EV7751,Tata,Tata Tigor EV,Sedan,2020,1255,26,2024-01-15,3,104887,2023-01-01
DR0109,USR0109,Driver_109,driver109@fleetev.in,+919137464556,Driver,Active,True,MGR006,MGRKEY006132,manager06@fleetev.in,VH00109,IN93176117,MH97EV4945,BYD,BYD Seal,Sedan,2020,1885,82.5,2024-11-03,9,85236,2023-01-01
DR0110,USR0110,Driver_110,driver110@fleetev.in,+918235368585,Driver,Active,True,MGR006,MGRKEY006132,manager06@fleetev.in,VH00110,IN99501846,MH11EV8622,Hyundai,Hyundai Kona EV,SUV,2019,1535,39.2,2024-10-14,12,102014,2023-01-01
DR0111,USR0111,Driver_111,driver111@fleetev.in,+918962094851,Driver,Active,True,MGR006,MGRKEY006132,manager06@fleetev.in,VH00111,IN95756900,MH64EV5097,Hyundai,Hyundai Kona EV,SUV,2020,1535,39.2,2024-08-16,16,38979,2023-01-01
DR0112,USR0112,Driver_112,driver112@fleetev.in,+919468798461,Driver,Active,True,MGR006,MGRKEY006132,manager06@fleetev.in,VH00112,IN61185849,MH83EV6881,MG,MG ZS EV,SUV,2024,1620,50.3,2024-05-17,1,111275,2023-01-01
DR0113,USR0113,Driver_113,driver113@fleetev.in,+919604496061,Driver,Inactive,False,MGR006,MGRKEY006132,manager06@fleetev.in,VH00113,IN46840133,MH11EV1803,BYD,BYD Seal,Sedan,2021,1885,82.5,2024-03-11,20,71179,2023-01-01
DR0114,USR0114,Driver_114,driver114@fleetev.in,+919910976189,Driver,Active,True,MGR006,MGRKEY006132,manager06@fleetev.in,VH00114,IN95445405,MH34EV5106,MG,MG ZS EV,SUV,2024,1620,50.3,2023-10-27,2,65492,2023-01-01
DR0115,USR0115,Driver_115,driver115@fleetev.in,+917564409423,Driver,Active,True,MGR006,MGRKEY006132,manager06@fleetev.in,VH00115,IN14478111,MH84EV6977,BYD,BYD Atto 3,SUV,2021,1750,60.5,2024-06-18,14,48021,2023-01-01
DR0116,USR0116,Driver_116,driver116@fleetev.in,+919279993598,Driver,Active,True,MGR006,MGRKEY006132,manager06@fleetev.in,VH00116,IN27738187,MH79EV6994,MG,MG ZS EV,SUV,2020,1620,50.3,2024-04-08,16,63684,2023-01-01
DR0117,USR0117,Driver_117,driver117@fleetev.in,+917323408297,Driver,Active,True,MGR006,MGRKEY006132,manager06@fleetev.in,VH00117,IN55461591,MH24EV8673,BMW,BMW i4,Sedan,2020,2050,83.9,2024-08-29,18,72942,2023-01-01
DR0118,USR0118,Driver_118,driver118@fleetev.in,+919304560537,Driver,Active,True,MGR006,MGRKEY006132,manager06@fleetev.in,VH00118,IN62958901,MH11EV5332,Tata,Tata Tiago EV,Hatchback,2022,1205,24,2024-07-31,9,101619,2023-01-01
DR0119,USR0119,Driver_119,driver119@fleetev.in,+919898400928,Driver,Active,True,MGR006,MGRKEY006132,manager06@fleetev.in,VH00119,IN95704631,MH57EV2775,BYD,BYD Seal,Sedan,2022,1885,82.5,2023-08-14,20,98584,2023-01-01
DR0120,USR0120,Driver_120,driver120@fleetev.in,+919729039064,Driver,Active,False,MGR006,MGRKEY006132,manager06@fleetev.in,VH00120,IN91883846,MH38EV2035,Kia,Kia EV6,Crossover,2024,1960,77.4,2024-05-24,14,40292,2023-01-01
DR0121,USR0121,Driver_121,driver121@fleetev.in,+919115806625,Driver,Active,True,MGR007,MGRKEY007323,manager07@fleetev.in,VH00121,IN16086345,MH14EV5986,Tata,Tata Tigor EV,Sedan,2019,1255,26,2024-03-16,18,42781,2023-01-01
DR0122,USR0122,Driver_122,driver122@fleetev.in,+918800135697,Driver,Active,True,MGR007,MGRKEY007323,manager07@fleetev.in,VH00122,IN70887034,MH57EV9850,BYD,BYD Seal,Sedan,2022,1885,82.5,2023-10-29,16,105694,2023-01-01
DR0123,USR0123,Driver_123,driver123@fleetev.in,+917933166190,Driver,Active,False,MGR007,MGRKEY007323,manager07@fleetev.in,VH00123,IN47546086,MH14EV7070,BYD,BYD Seal,Sedan,2022,1885,82.5,2024-03-17,12,38022,2023-01-01
DR0124,USR0124,Driver_124,driver124@fleetev.in,+917260060661,Driver,Active,False,MGR007,MGRKEY007323,manager07@fleetev.in,VH00124,IN59302863,MH79EV6876,Volvo,Volvo XC40 Recharge,SUV,2021,2040,78,2024-01-30,4,84600,2023-01-01
DR0125,USR0125,Driver_125,driver125@fleetev.in,+917217233051,Driver,Active,True,MGR007,MGRKEY007323,manager07@fleetev.in,VH00125,IN98955314,MH37EV1349,Tata,Tata Tiago EV,Hatchback,2020,1205,24,2023-11-25,19,51896,2023-01-01
DR0126,USR0126,Driver_126,driver126@fleetev.in,+918000721711,Driver,Active,True,MGR007,MGRKEY007323,manager07@fleetev.in,VH00126,IN84384510,MH36EV4538,Tata,Tata Tiago EV,Hatchback,2020,1205,24,2023-07-22,9,43964,2023-01-01
DR0127,USR0127,Driver_127,driver127@fleetev.in,+917472130062,Driver,Active,True,MGR007,MGRKEY007323,manager07@fleetev.in,VH00127,IN82506491,MH42EV3858,Tata,Tata Tigor EV,Sedan,2020,1255,26,2023-08-04,12,56186,2023-01-01
DR0128,USR0128,Driver_128,driver128@fleetev.in,+918139744790,Driver,Active,True,MGR007,MGRKEY007323,manager07@fleetev.in,VH00128,IN53455870,MH12EV3854,Mahindra,Mahindra BE 6e,Crossover,2020,1980,59,2024-09-23,17,39896,2023-01-01
DR0129,USR0129,Driver_129,driver129@fleetev.in,+918554945552,Driver,Active,True,MGR007,MGRKEY007323,manager07@fleetev.in,VH00129,IN18530615,MH70EV8344,BMW,BMW i4,Sedan,2022,2050,83.9,2024-12-16,8,105623,2023-01-01
DR0130,USR0130,Driver_130,driver130@fleetev.in,+918967277638,Driver,Active,True,MGR007,MGRKEY007323,manager07@fleetev.in,VH00130,IN98436473,MH76EV5941,Tata,Tata Nexon EV,SUV,2019,1570,30.2,2024-11-21,13,80872,2023-01-01
DR0131,USR0131,Driver_131,driver131@fleetev.in,+917315640205,Driver,Active,True,MGR007,MGRKEY007323,manager07@fleetev.in,VH00131,IN24490391,MH72EV8267,Volvo,Volvo XC40 Recharge,SUV,2021,2040,78,2023-12-18,3,41540,2023-01-01
DR0132,USR0132,Driver_132,driver132@fleetev.in,+918396660850,Driver,Active,False,MGR007,MGRKEY007323,manager07@fleetev.in,VH00132,IN93794475,MH91EV9984,Hyundai,Hyundai Kona EV,SUV,2023,1535,39.2,2024-05-16,15,91263,2023-01-01
DR0133,USR0133,Driver_133,driver133@fleetev.in,+919811970742,Driver,Active,True,MGR007,MGRKEY007323,manager07@fleetev.in,VH00133,IN67740376,MH22EV2874,Mahindra,Mahindra BE 6e,Crossover,2022,1980,59,2024-10-24,8,79239,2023-01-01
DR0134,USR0134,Driver_134,driver134@fleetev.in,+917408390575,Driver,Active,True,MGR007,MGRKEY007323,manager07@fleetev.in,VH00134,IN70867592,MH61EV7815,Kia,Kia EV6,Crossover,2022,1960,77.4,2024-06-04,9,74060,2023-01-01
DR0135,USR0135,Driver_135,driver135@fleetev.in,+917366637148,Driver,Inactive,True,MGR007,MGRKEY007323,manager07@fleetev.in,VH00135,IN73655158,MH18EV2494,Tata,Tata Tigor EV,Sedan,2022,1255,26,2023-10-26,12,42054,2023-01-01
DR0136,USR0136,Driver_136,driver136@fleetev.in,+919877685081,Driver,Active,True,MGR007,MGRKEY007323,manager07@fleetev.in,VH00136,IN18050510,MH85EV6400,Mahindra,Mahindra XEV 9e,SUV,2022,2100,79,2024-07-16,14,119510,2023-01-01
DR0137,USR0137,Driver_137,driver137@fleetev.in,+918510308881,Driver,Active,True,MGR007,MGRKEY007323,manager07@fleetev.in,VH00137,IN48604965,MH86EV6119,Tata,Tata Nexon EV,SUV,2023,1570,30.2,2024-12-20,7,45280,2023-01-01
DR0138,USR0138,Driver_138,driver138@fleetev.in,+918503728142,Driver,Active,True,MGR007,MGRKEY007323,manager07@fleetev.in,VH00138,IN74718365,MH38EV2773,Volvo,Volvo XC40 Recharge,SUV,2019,2040,78,2024-04-30,19,54643,2023-01-01
DR0139,USR0139,Driver_139,driver139@fleetev.in,+919615613239,Driver,Active,True,MGR007,MGRKEY007323,manager07@fleetev.in,VH00139,IN85291541,MH89EV1430,BYD,BYD Seal,Sedan,2019,1885,82.5,2024-01-20,9,117104,2023-01-01
DR0140,USR0140,Driver_140,driver140@fleetev.in,+917779130936,Driver,Suspended,True,MGR007,MGRKEY007323,manager07@fleetev.in,VH00140,IN55610493,MH54EV1100,Hyundai,Hyundai Kona EV,SUV,2023,1535,39.2,2024-09-02,3,43595,2023-01-01
DR0141,USR0141,Driver_141,driver141@fleetev.in,+919278405793,Driver,Inactive,True,MGR008,MGRKEY008716,manager08@fleetev.in,VH00141,IN94982908,MH13EV2503,BMW,BMW i4,Sedan,2022,2050,83.9,2024-09-21,15,69681,2023-01-01
DR0142,USR0142,Driver_142,driver142@fleetev.in,+919437795758,Driver,Active,True,MGR008,MGRKEY008716,manager08@fleetev.in,VH00142,IN59667685,MH49EV6314,Tata,Tata Tigor EV,Sedan,2019,1255,26,2023-12-26,6,105981,2023-01-01
DR0143,USR0143,Driver_143,driver143@fleetev.in,+919843005049,Driver,Active,False,MGR008,MGRKEY008716,manager08@fleetev.in,VH00143,IN20949687,MH44EV8259,Tata,Tata Nexon EV,SUV,2022,1570,30.2,2024-10-14,14,60804,2023-01-01
DR0144,USR0144,Driver_144,driver144@fleetev.in,+918846465000,Driver,Active,True,MGR008,MGRKEY008716,manager08@fleetev.in,VH00144,IN78765957,MH24EV6655,MG,MG ZS EV,SUV,2021,1620,50.3,2024-11-29,17,112442,2023-01-01
DR0145,USR0145,Driver_145,driver145@fleetev.in,+919574081104,Driver,Active,True,MGR008,MGRKEY008716,manager08@fleetev.in,VH00145,IN16095815,MH38EV7475,Hyundai,Hyundai Kona EV,SUV,2019,1535,39.2,2024-02-14,10,52686,2023-01-01
DR0146,USR0146,Driver_146,driver146@fleetev.in,+917515328854,Driver,Active,True,MGR008,MGRKEY008716,manager08@fleetev.in,VH00146,IN44295247,MH47EV6375,Tata,Tata Tigor EV,Sedan,2022,1255,26,2024-10-02,6,41932,2023-01-01
DR0147,USR0147,Driver_147,driver147@fleetev.in,+919399699438,Driver,Active,True,MGR008,MGRKEY008716,manager08@fleetev.in,VH00147,IN81481992,MH39EV9196,BYD,BYD Seal,Sedan,2019,1885,82.5,2024-08-29,2,82176,2023-01-01
DR0148,USR0148,Driver_148,driver148@fleetev.in,+919472866768,Driver,Active,False,MGR008,MGRKEY008716,manager08@fleetev.in,VH00148,IN71707170,MH19EV6129,Tata,Tata Nexon EV,SUV,2023,1570,30.2,2024-09-06,14,62947,2023-01-01
DR0149,USR0149,Driver_149,driver149@fleetev.in,+917738189691,Driver,Active,False,MGR008,MGRKEY008716,manager08@fleetev.in,VH00149,IN64362516,MH12EV6321,Tata,Tata Tiago EV,Hatchback,2024,1205,24,2024-07-24,3,82240,2023-01-01
DR0150,USR0150,Driver_150,driver150@fleetev.in,+919250402001,Driver,Active,True,MGR008,MGRKEY008716,manager08@fleetev.in,VH00150,IN42657384,MH65EV7560,Tata,Tata Tiago EV,Hatchback,2022,1205,24,2024-06-01,11,54041,2023-01-01
DR0151,USR0151,Driver_151,driver151@fleetev.in,+919719679239,Driver,Inactive,True,MGR008,MGRKEY008716,manager08@fleetev.in,VH00151,IN32566390,MH19EV9363,Kia,Kia EV6,Crossover,2023,1960,77.4,2024-12-23,7,70793,2023-01-01
DR0152,USR0152,Driver_152,driver152@fleetev.in,+917441542090,Driver,Active,True,MGR008,MGRKEY008716,manager08@fleetev.in,VH00152,IN96629889,MH28EV4871,Kia,Kia EV6,Crossover,2021,1960,77.4,2024-02-07,6,103957,2023-01-01
DR0153,USR0153,Driver_153,driver153@fleetev.in,+919697019445,Driver,Active,False,MGR008,MGRKEY008716,manager08@fleetev.in,VH00153,IN97980930,MH19EV3902,Tata,Tata Tigor EV,Sedan,2022,1255,26,2024-10-21,19,109278,2023-01-01
DR0154,USR0154,Driver_154,driver154@fleetev.in,+917648357091,Driver,Active,False,MGR008,MGRKEY008716,manager08@fleetev.in,VH00154,IN93821894,MH51EV6179,Volvo,Volvo XC40 Recharge,SUV,2019,2040,78,2024-11-11,15,107756,2023-01-01
DR0155,USR0155,Driver_155,driver155@fleetev.in,+918511580323,Driver,Suspended,True,MGR008,MGRKEY008716,manager08@fleetev.in,VH00155,IN46866075,MH85EV1920,Hyundai,Hyundai Kona EV,SUV,2021,1535,39.2,2024-11-03,15,29929,2023-01-01
DR0156,USR0156,Driver_156,driver156@fleetev.in,+919768821397,Driver,Active,True,MGR008,MGRKEY008716,manager08@fleetev.in,VH00156,IN59491122,MH46EV2257,Tata,Tata Nexon EV,SUV,2023,1570,30.2,2024-12-20,13,85648,2023-01-01
DR0157,USR0157,Driver_157,driver157@fleetev.in,+919455246775,Driver,Active,True,MGR008,MGRKEY008716,manager08@fleetev.in,VH00157,IN84399083,MH15EV8368,Mahindra,Mahindra BE 6e,Crossover,2021,1980,59,2024-11-18,17,44773,2023-01-01
DR0158,USR0158,Driver_158,driver158@fleetev.in,+917362190850,Driver,Active,True,MGR008,MGRKEY008716,manager08@fleetev.in,VH00158,IN70468188,MH23EV6626,Tata,Tata Nexon EV,SUV,2019,1570,30.2,2024-03-29,15,82595,2023-01-01
DR0159,USR0159,Driver_159,driver159@fleetev.in,+918562929828,Driver,Active,True,MGR008,MGRKEY008716,manager08@fleetev.in,VH00159,IN80162053,MH88EV3600,Mahindra,Mahindra XEV 9e,SUV,2021,2100,79,2024-08-19,14,69350,2023-01-01
DR0160,USR0160,Driver_160,driver160@fleetev.in,+917283089268,Driver,Active,True,MGR008,MGRKEY008716,manager08@fleetev.in,VH00160,IN90246882,MH16EV6482,Volvo,Volvo XC40 Recharge,SUV,2019,2040,78,2024-08-18,10,58029,2023-01-01
DR0161,USR0161,Driver_161,driver161@fleetev.in,+918431779064,Driver,Active,True,MGR009,MGRKEY009303,manager09@fleetev.in,VH00161,IN98122539,MH87EV3463,BMW,BMW i4,Sedan,2023,2050,83.9,2023-12-11,12,65662,2023-01-01
DR0162,USR0162,Driver_162,driver162@fleetev.in,+919555682594,Driver,Active,True,MGR009,MGRKEY009303,manager09@fleetev.in,VH00162,IN98870276,MH60EV3112,Volvo,Volvo XC40 Recharge,SUV,2021,2040,78,2024-08-08,11,41750,2023-01-01
DR0163,USR0163,Driver_163,driver163@fleetev.in,+919183941426,Driver,Active,True,MGR009,MGRKEY009303,manager09@fleetev.in,VH00163,IN80651318,MH21EV7937,Volvo,Volvo XC40 Recharge,SUV,2019,2040,78,2024-07-25,10,48627,2023-01-01
DR0164,USR0164,Driver_164,driver164@fleetev.in,+917972994972,Driver,Active,True,MGR009,MGRKEY009303,manager09@fleetev.in,VH00164,IN55866538,MH72EV4145,MG,MG ZS EV,SUV,2020,1620,50.3,2023-10-07,10,38256,2023-01-01
DR0165,USR0165,Driver_165,driver165@fleetev.in,+919842964443,Driver,Active,True,MGR009,MGRKEY009303,manager09@fleetev.in,VH00165,IN82446804,MH77EV1618,Mahindra,Mahindra XEV 9e,SUV,2023,2100,79,2023-12-01,20,74377,2023-01-01
DR0166,USR0166,Driver_166,driver166@fleetev.in,+918879792991,Driver,Active,True,MGR009,MGRKEY009303,manager09@fleetev.in,VH00166,IN31776452,MH33EV3712,Tata,Tata Tigor EV,Sedan,2022,1255,26,2024-07-27,8,83222,2023-01-01
DR0167,USR0167,Driver_167,driver167@fleetev.in,+919293560436,Driver,Active,True,MGR009,MGRKEY009303,manager09@fleetev.in,VH00167,IN48242379,MH67EV4833,Mahindra,Mahindra BE 6e,Crossover,2021,1980,59,2024-11-11,7,73213,2023-01-01
DR0168,USR0168,Driver_168,driver168@fleetev.in,+918210200352,Driver,Active,False,MGR009,MGRKEY009303,manager09@fleetev.in,VH00168,IN86560394,MH66EV8564,Volvo,Volvo XC40 Recharge,SUV,2023,2040,78,2024-09-20,6,51174,2023-01-01
DR0169,USR0169,Driver_169,driver169@fleetev.in,+919753842979,Driver,Active,False,MGR009,MGRKEY009303,manager09@fleetev.in,VH00169,IN28575536,MH42EV1854,Mahindra,Mahindra BE 6e,Crossover,2021,1980,59,2023-11-02,17,41341,2023-01-01
DR0170,USR0170,Driver_170,driver170@fleetev.in,+918929811336,Driver,Active,True,MGR009,MGRKEY009303,manager09@fleetev.in,VH00170,IN21257528,MH30EV5469,Hyundai,Hyundai Kona EV,SUV,2022,1535,39.2,2023-10-21,8,84130,2023-01-01
DR0171,USR0171,Driver_171,driver171@fleetev.in,+918702756809,Driver,Active,True,MGR009,MGRKEY009303,manager09@fleetev.in,VH00171,IN13579612,MH63EV1872,Kia,Kia EV6,Crossover,2020,1960,77.4,2024-08-18,3,74140,2023-01-01
DR0172,USR0172,Driver_172,driver172@fleetev.in,+919791559885,Driver,Active,True,MGR009,MGRKEY009303,manager09@fleetev.in,VH00172,IN13783268,MH50EV2623,MG,MG ZS EV,SUV,2020,1620,50.3,2023-12-07,2,62601,2023-01-01
DR0173,USR0173,Driver_173,driver173@fleetev.in,+919642900640,Driver,Active,True,MGR009,MGRKEY009303,manager09@fleetev.in,VH00173,IN28628439,MH70EV8349,BYD,BYD Atto 3,SUV,2019,1750,60.5,2023-08-08,9,53266,2023-01-01
DR0174,USR0174,Driver_174,driver174@fleetev.in,+918817865363,Driver,Active,True,MGR009,MGRKEY009303,manager09@fleetev.in,VH00174,IN83659258,MH87EV9647,Tata,Tata Tigor EV,Sedan,2021,1255,26,2024-03-19,10,40970,2023-01-01
DR0175,USR0175,Driver_175,driver175@fleetev.in,+917269754673,Driver,Active,True,MGR009,MGRKEY009303,manager09@fleetev.in,VH00175,IN42002808,MH63EV8489,Tata,Tata Nexon EV,SUV,2022,1570,30.2,2023-08-05,17,100372,2023-01-01
DR0176,USR0176,Driver_176,driver176@fleetev.in,+917006718781,Driver,Active,True,MGR009,MGRKEY009303,manager09@fleetev.in,VH00176,IN29270557,MH47EV8032,MG,MG ZS EV,SUV,2020,1620,50.3,2024-09-18,6,112080,2023-01-01
DR0177,USR0177,Driver_177,driver177@fleetev.in,+917290680473,Driver,Active,True,MGR009,MGRKEY009303,manager09@fleetev.in,VH00177,IN21490910,MH77EV6908,Volvo,Volvo XC40 Recharge,SUV,2022,2040,78,2024-11-12,2,108318,2023-01-01
DR0178,USR0178,Driver_178,driver178@fleetev.in,+918533706498,Driver,Active,True,MGR009,MGRKEY009303,manager09@fleetev.in,VH00178,IN60103798,MH42EV1266,BYD,BYD Seal,Sedan,2021,1885,82.5,2024-03-22,4,101271,2023-01-01
DR0179,USR0179,Driver_179,driver179@fleetev.in,+918513112872,Driver,Inactive,True,MGR009,MGRKEY009303,manager09@fleetev.in,VH00179,IN54629892,MH27EV1726,BMW,BMW i4,Sedan,2024,2050,83.9,2024-01-15,15,116146,2023-01-01
DR0180,USR0180,Driver_180,driver180@fleetev.in,+917271014739,Driver,Active,False,MGR009,MGRKEY009303,manager09@fleetev.in,VH00180,IN94790150,MH33EV3209,BYD,BYD Atto 3,SUV,2019,1750,60.5,2024-05-15,7,30741,2023-01-01
DR0181,USR0181,Driver_181,driver181@fleetev.in,+919213555655,Driver,Active,False,MGR010,MGRKEY010818,manager10@fleetev.in,VH00181,IN15624520,MH50EV6080,MG,MG ZS EV,SUV,2023,1620,50.3,2024-11-15,9,29799,2023-01-01
DR0182,USR0182,Driver_182,driver182@fleetev.in,+917205316740,Driver,Active,True,MGR010,MGRKEY010818,manager10@fleetev.in,VH00182,IN35649468,MH46EV6848,Volvo,Volvo XC40 Recharge,SUV,2021,2040,78,2023-11-24,12,82272,2023-01-01
DR0183,USR0183,Driver_183,driver183@fleetev.in,+917802373824,Driver,Inactive,False,MGR010,MGRKEY010818,manager10@fleetev.in,VH00183,IN69020451,MH59EV6554,BYD,BYD Seal,Sedan,2024,1885,82.5,2024-12-10,12,93062,2023-01-01
DR0184,USR0184,Driver_184,driver184@fleetev.in,+918849443634,Driver,Active,True,MGR010,MGRKEY010818,manager10@fleetev.in,VH00184,IN21087928,MH64EV2293,Hyundai,Hyundai Kona EV,SUV,2023,1535,39.2,2024-05-15,11,38447,2023-01-01
DR0185,USR0185,Driver_185,driver185@fleetev.in,+918316389690,Driver,Active,False,MGR010,MGRKEY010818,manager10@fleetev.in,VH00185,IN54012664,MH94EV5843,Tata,Tata Tiago EV,Hatchback,2023,1205,24,2024-09-28,6,115408,2023-01-01
DR0186,USR0186,Driver_186,driver186@fleetev.in,+918514230707,Driver,Active,False,MGR010,MGRKEY010818,manager10@fleetev.in,VH00186,IN57183837,MH67EV1693,BYD,BYD Atto 3,SUV,2021,1750,60.5,2023-09-16,3,112973,2023-01-01
DR0187,USR0187,Driver_187,driver187@fleetev.in,+919918046336,Driver,Active,True,MGR010,MGRKEY010818,manager10@fleetev.in,VH00187,IN64520614,MH56EV9406,Volvo,Volvo XC40 Recharge,SUV,2019,2040,78,2023-12-13,20,113878,2023-01-01
DR0188,USR0188,Driver_188,driver188@fleetev.in,+918013592436,Driver,Active,True,MGR010,MGRKEY010818,manager10@fleetev.in,VH00188,IN14670638,MH26EV2101,BYD,BYD Atto 3,SUV,2021,1750,60.5,2024-08-15,19,29244,2023-01-01
DR0189,USR0189,Driver_189,driver189@fleetev.in,+918593280440,Driver,Active,True,MGR010,MGRKEY010818,manager10@fleetev.in,VH00189,IN30594121,MH96EV8371,Mahindra,Mahindra BE 6e,Crossover,2022,1980,59,2023-10-06,19,43047,2023-01-01
DR0190,USR0190,Driver_190,driver190@fleetev.in,+919789842140,Driver,Active,True,MGR010,MGRKEY010818,manager10@fleetev.in,VH00190,IN59251188,MH60EV6150,Mahindra,Mahindra XEV 9e,SUV,2020,2100,79,2023-11-13,1,49385,2023-01-01
DR0191,USR0191,Driver_191,driver191@fleetev.in,+918124322241,Driver,Active,True,MGR010,MGRKEY010818,manager10@fleetev.in,VH00191,IN79490594,MH59EV2929,BYD,BYD Atto 3,SUV,2024,1750,60.5,2024-10-18,7,105199,2023-01-01
DR0192,USR0192,Driver_192,driver192@fleetev.in,+917582949109,Driver,Active,True,MGR010,MGRKEY010818,manager10@fleetev.in,VH00192,IN75927774,MH35EV3009,Hyundai,Hyundai Kona EV,SUV,2022,1535,39.2,2024-01-12,15,36506,2023-01-01
DR0193,USR0193,Driver_193,driver193@fleetev.in,+917278911214,Driver,Inactive,True,MGR010,MGRKEY010818,manager10@fleetev.in,VH00193,IN52894344,MH95EV6692,Volvo,Volvo XC40 Recharge,SUV,2021,2040,78,2023-12-28,6,72381,2023-01-01
DR0194,USR0194,Driver_194,driver194@fleetev.in,+917596471620,Driver,Active,True,MGR010,MGRKEY010818,manager10@fleetev.in,VH00194,IN40097200,MH25EV4292,Mahindra,Mahindra XEV 9e,SUV,2022,2100,79,2023-08-15,12,97616,2023-01-01
DR0195,USR0195,Driver_195,driver195@fleetev.in,+919628298180,Driver,Active,True,MGR010,MGRKEY010818,manager10@fleetev.in,VH00195,IN59514418,MH69EV3126,Mahindra,Mahindra BE 6e,Crossover,2019,1980,59,2024-05-31,13,118969,2023-01-01
DR0196,USR0196,Driver_196,driver196@fleetev.in,+918758503592,Driver,Active,True,MGR010,MGRKEY010818,manager10@fleetev.in,VH00196,IN74245343,MH77EV7730,BMW,BMW i4,Sedan,2020,2050,83.9,2024-06-08,3,83979,2023-01-01
DR0197,USR0197,Driver_197,driver197@fleetev.in,+919367830246,Driver,Active,True,MGR010,MGRKEY010818,manager10@fleetev.in,VH00197,IN79438885,MH54EV3102,BYD,BYD Atto 3,SUV,2020,1750,60.5,2024-10-05,17,32263,2023-01-01
DR0198,USR0198,Driver_198,driver198@fleetev.in,+917707196784,Driver,Active,True,MGR010,MGRKEY010818,manager10@fleetev.in,VH00198,IN79538491,MH29EV5982,Tata,Tata Tiago EV,Hatchback,2021,1205,24,2024-03-06,12,93012,2023-01-01
DR0199,USR0199,Driver_199,driver199@fleetev.in,+919727549434,Driver,Active,True,MGR010,MGRKEY010818,manager10@fleetev.in,VH00199,IN20584397,MH42EV4216,Hyundai,Hyundai Kona EV,SUV,2020,1535,39.2,2024-05-25,20,94924,2023-01-01
DR0200,USR0200,Driver_200,driver200@fleetev.in,+919541797909,Driver,Active,True,MGR010,MGRKEY010818,manager10@fleetev.in,VH00200,IN77454225,MH92EV3762,Tata,Tata Tiago EV,Hatchback,2020,1205,24,2024-06-29,19,30399,2023-01-01
DR0201,USR0201,Driver_201,driver201@fleetev.in,+919796581976,Driver,Active,True,MGR011,MGRKEY011325,manager11@fleetev.in,VH00201,IN20901547,MH15EV5336,Tata,Tata Nexon EV,SUV,2023,1570,30.2,2024-09-18,20,108753,2023-01-01
DR0202,USR0202,Driver_202,driver202@fleetev.in,+918244130290,Driver,Active,True,MGR011,MGRKEY011325,manager11@fleetev.in,VH00202,IN76845536,MH90EV9938,Tata,Tata Nexon EV,SUV,2022,1570,30.2,2024-03-26,13,63985,2023-01-01
DR0203,USR0203,Driver_203,driver203@fleetev.in,+917678950361,Driver,Active,False,MGR011,MGRKEY011325,manager11@fleetev.in,VH00203,IN19794273,MH98EV1981,BYD,BYD Atto 3,SUV,2022,1750,60.5,2024-11-26,15,51741,2023-01-01
DR0204,USR0204,Driver_204,driver204@fleetev.in,+918371453454,Driver,Active,True,MGR011,MGRKEY011325,manager11@fleetev.in,VH00204,IN91424562,MH28EV6121,Kia,Kia EV6,Crossover,2022,1960,77.4,2023-11-30,12,92499,2023-01-01
DR0205,USR0205,Driver_205,driver205@fleetev.in,+919003484425,Driver,Active,True,MGR011,MGRKEY011325,manager11@fleetev.in,VH00205,IN24251766,MH50EV4960,Mahindra,Mahindra XEV 9e,SUV,2021,2100,79,2024-10-22,8,43465,2023-01-01
DR0206,USR0206,Driver_206,driver206@fleetev.in,+919643025991,Driver,Active,False,MGR011,MGRKEY011325,manager11@fleetev.in,VH00206,IN16792127,MH47EV7293,Tata,Tata Tiago EV,Hatchback,2020,1205,24,2023-12-30,11,100718,2023-01-01
DR0207,USR0207,Driver_207,driver207@fleetev.in,+919140034179,Driver,Active,False,MGR011,MGRKEY011325,manager11@fleetev.in,VH00207,IN51971886,MH34EV3610,BMW,BMW i4,Sedan,2022,2050,83.9,2024-05-30,16,28037,2023-01-01
DR0208,USR0208,Driver_208,driver208@fleetev.in,+918033921654,Driver,Active,True,MGR011,MGRKEY011325,manager11@fleetev.in,VH00208,IN62780072,MH74EV8491,Tata,Tata Tiago EV,Hatchback,2023,1205,24,2024-07-15,2,31624,2023-01-01
DR0209,USR0209,Driver_209,driver209@fleetev.in,+918227279967,Driver,Active,True,MGR011,MGRKEY011325,manager11@fleetev.in,VH00209,IN76423575,MH86EV8710,Hyundai,Hyundai Kona EV,SUV,2019,1535,39.2,2024-10-03,5,59664,2023-01-01
DR0210,USR0210,Driver_210,driver210@fleetev.in,+917194314620,Driver,Active,False,MGR011,MGRKEY011325,manager11@fleetev.in,VH00210,IN59093843,MH61EV6995,BMW,BMW i4,Sedan,2019,2050,83.9,2024-02-04,12,97512,2023-01-01
DR0211,USR0211,Driver_211,driver211@fleetev.in,+918934257315,Driver,Active,True,MGR011,MGRKEY011325,manager11@fleetev.in,VH00211,IN19869264,MH59EV9261,Hyundai,Hyundai Kona EV,SUV,2023,1535,39.2,2023-11-18,5,37672,2023-01-01
DR0212,USR0212,Driver_212,driver212@fleetev.in,+917619623590,Driver,Active,True,MGR011,MGRKEY011325,manager11@fleetev.in,VH00212,IN60089832,MH53EV6990,BYD,BYD Seal,Sedan,2023,1885,82.5,2024-12-22,13,90546,2023-01-01
DR0213,USR0213,Driver_213,driver213@fleetev.in,+918430398942,Driver,Active,False,MGR011,MGRKEY011325,manager11@fleetev.in,VH00213,IN16080513,MH14EV3245,Tata,Tata Nexon EV,SUV,2023,1570,30.2,2024-10-29,5,104463,2023-01-01
DR0214,USR0214,Driver_214,driver214@fleetev.in,+917697940975,Driver,Active,False,MGR011,MGRKEY011325,manager11@fleetev.in,VH00214,IN28761086,MH51EV6218,Mahindra,Mahindra XEV 9e,SUV,2023,2100,79,2024-05-21,19,69089,2023-01-01
DR0215,USR0215,Driver_215,driver215@fleetev.in,+919417741295,Driver,Active,True,MGR011,MGRKEY011325,manager11@fleetev.in,VH00215,IN78412668,MH78EV9025,Mahindra,Mahindra XEV 9e,SUV,2022,2100,79,2023-08-06,12,68416,2023-01-01
DR0216,USR0216,Driver_216,driver216@fleetev.in,+919955124970,Driver,Active,True,MGR011,MGRKEY011325,manager11@fleetev.in,VH00216,IN24710878,MH63EV6040,Volvo,Volvo XC40 Recharge,SUV,2023,2040,78,2024-11-16,9,110929,2023-01-01
DR0217,USR0217,Driver_217,driver217@fleetev.in,+919506213395,Driver,Active,False,MGR011,MGRKEY011325,manager11@fleetev.in,VH00217,IN87528776,MH39EV1841,Mahindra,Mahindra BE 6e,Crossover,2020,1980,59,2024-08-12,5,114224,2023-01-01
DR0218,USR0218,Driver_218,driver218@fleetev.in,+917819412471,Driver,Active,True,MGR011,MGRKEY011325,manager11@fleetev.in,VH00218,IN14237322,MH83EV2800,MG,MG ZS EV,SUV,2022,1620,50.3,2024-06-05,14,44848,2023-01-01
DR0219,USR0219,Driver_219,driver219@fleetev.in,+919626278260,Driver,Active,False,MGR011,MGRKEY011325,manager11@fleetev.in,VH00219,IN37365878,MH62EV9221,BYD,BYD Seal,Sedan,2024,1885,82.5,2023-09-21,5,92984,2023-01-01
DR0220,USR0220,Driver_220,driver220@fleetev.in,+919256907178,Driver,Active,False,MGR011,MGRKEY011325,manager11@fleetev.in,VH00220,IN85280948,MH51EV8837,MG,MG ZS EV,SUV,2021,1620,50.3,2024-01-13,15,94878,2023-01-01
DR0221,USR0221,Driver_221,driver221@fleetev.in,+919620258967,Driver,Active,False,MGR012,MGRKEY012384,manager12@fleetev.in,VH00221,IN83319550,MH55EV5331,Kia,Kia EV6,Crossover,2020,1960,77.4,2024-03-28,9,98149,2023-01-01
DR0222,USR0222,Driver_222,driver222@fleetev.in,+917890251346,Driver,Active,False,MGR012,MGRKEY012384,manager12@fleetev.in,VH00222,IN40181142,MH48EV5735,Hyundai,Hyundai Kona EV,SUV,2021,1535,39.2,2024-11-22,12,98464,2023-01-01
DR0223,USR0223,Driver_223,driver223@fleetev.in,+919463064097,Driver,Active,False,MGR012,MGRKEY012384,manager12@fleetev.in,VH00223,IN46702849,MH46EV2996,BMW,BMW i4,Sedan,2022,2050,83.9,2024-07-07,5,63070,2023-01-01
DR0224,USR0224,Driver_224,driver224@fleetev.in,+918899990924,Driver,Active,True,MGR012,MGRKEY012384,manager12@fleetev.in,VH00224,IN48605090,MH20EV6674,Tata,Tata Nexon EV,SUV,2024,1570,30.2,2024-11-21,7,51485,2023-01-01
DR0225,USR0225,Driver_225,driver225@fleetev.in,+917589582865,Driver,Active,True,MGR012,MGRKEY012384,manager12@fleetev.in,VH00225,IN46390817,MH81EV5450,Mahindra,Mahindra XEV 9e,SUV,2023,2100,79,2024-03-21,8,31653,2023-01-01
DR0226,USR0226,Driver_226,driver226@fleetev.in,+917225447588,Driver,Active,True,MGR012,MGRKEY012384,manager12@fleetev.in,VH00226,IN81275182,MH38EV4814,Volvo,Volvo XC40 Recharge,SUV,2022,2040,78,2024-06-22,16,38178,2023-01-01
DR0227,USR0227,Driver_227,driver227@fleetev.in,+918747654202,Driver,Suspended,False,MGR012,MGRKEY012384,manager12@fleetev.in,VH00227,IN28450513,MH10EV3587,Volvo,Volvo XC40 Recharge,SUV,2022,2040,78,2024-02-09,10,67096,2023-01-01
DR0228,USR0228,Driver_228,driver228@fleetev.in,+919801601713,Driver,Active,True,MGR012,MGRKEY012384,manager12@fleetev.in,VH00228,IN96690951,MH17EV2465,Hyundai,Hyundai Kona EV,SUV,2023,1535,39.2,2023-08-27,6,79773,2023-01-01
DR0229,USR0229,Driver_229,driver229@fleetev.in,+917800202342,Driver,Active,True,MGR012,MGRKEY012384,manager12@fleetev.in,VH00229,IN14877451,MH60EV9116,Tata,Tata Tigor EV,Sedan,2019,1255,26,2023-07-29,10,99443,2023-01-01
DR0230,USR0230,Driver_230,driver230@fleetev.in,+918951414407,Driver,Active,False,MGR012,MGRKEY012384,manager12@fleetev.in,VH00230,IN24401654,MH52EV5662,Mahindra,Mahindra BE 6e,Crossover,2020,1980,59,2024-12-17,15,60761,2023-01-01
DR0231,USR0231,Driver_231,driver231@fleetev.in,+918971022633,Driver,Active,True,MGR012,MGRKEY012384,manager12@fleetev.in,VH00231,IN25119192,MH52EV3662,MG,MG ZS EV,SUV,2024,1620,50.3,2024-01-26,1,69185,2023-01-01
DR0232,USR0232,Driver_232,driver232@fleetev.in,+917753744909,Driver,Active,False,MGR012,MGRKEY012384,manager12@fleetev.in,VH00232,IN86206305,MH96EV4164,Hyundai,Hyundai Kona EV,SUV,2022,1535,39.2,2024-12-28,11,36368,2023-01-01
DR0233,USR0233,Driver_233,driver233@fleetev.in,+917603923411,Driver,Active,False,MGR012,MGRKEY012384,manager12@fleetev.in,VH00233,IN99826000,MH22EV4027,BYD,BYD Seal,Sedan,2021,1885,82.5,2024-03-30,1,59181,2023-01-01
DR0234,USR0234,Driver_234,driver234@fleetev.in,+918415729895,Driver,Active,True,MGR012,MGRKEY012384,manager12@fleetev.in,VH00234,IN41611127,MH67EV5374,BYD,BYD Seal,Sedan,2023,1885,82.5,2023-07-31,9,110679,2023-01-01
DR0235,USR0235,Driver_235,driver235@fleetev.in,+918998856257,Driver,Active,True,MGR012,MGRKEY012384,manager12@fleetev.in,VH00235,IN41715995,MH17EV2936,Kia,Kia EV6,Crossover,2020,1960,77.4,2024-09-07,17,117216,2023-01-01
DR0236,USR0236,Driver_236,driver236@fleetev.in,+918578589030,Driver,Active,True,MGR012,MGRKEY012384,manager12@fleetev.in,VH00236,IN25759274,MH91EV5833,Hyundai,Hyundai Kona EV,SUV,2020,1535,39.2,2023-12-03,16,45078,2023-01-01
DR0237,USR0237,Driver_237,driver237@fleetev.in,+919358944233,Driver,Active,False,MGR012,MGRKEY012384,manager12@fleetev.in,VH00237,IN91300905,MH57EV7813,BYD,BYD Atto 3,SUV,2023,1750,60.5,2024-02-28,8,114173,2023-01-01
DR0238,USR0238,Driver_238,driver238@fleetev.in,+919268486276,Driver,Active,True,MGR012,MGRKEY012384,manager12@fleetev.in,VH00238,IN20988446,MH77EV8319,Mahindra,Mahindra BE 6e,Crossover,2019,1980,59,2023-11-11,2,96781,2023-01-01
DR0239,USR0239,Driver_239,driver239@fleetev.in,+917643611097,Driver,Active,True,MGR012,MGRKEY012384,manager12@fleetev.in,VH00239,IN37133023,MH83EV9792,Mahindra,Mahindra XEV 9e,SUV,2021,2100,79,2024-10-14,4,114167,2023-01-01
DR0240,USR0240,Driver_240,driver240@fleetev.in,+919192045446,Driver,Active,False,MGR012,MGRKEY012384,manager12@fleetev.in,VH00240,IN88268756,MH72EV2489,MG,MG ZS EV,SUV,2019,1620,50.3,2024-10-26,5,92272,2023-01-01
